antecedents,consequents,antecedent support,consequent support,support,confidence,lift,representativity,leverage,conviction,zhangs_metric,jaccard,certainty,kulczynski,antecedent_len,consequent_len
frozenset({'REGENCY TEA PLATE ROSES'}),frozenset({'REGENCY TEA PLATE GREEN'}),0.02317529457753951,0.019768805495057797,0.016529848662534204,0.7132530120481928,36.0797222789463,1.0,0.01607170077174016,3.4184533253743785,0.9953511566677586,0.6257928118393236,0.7074700442515233,0.7747056020692942,1,1
frozenset({'REGENCY TEA PLATE GREEN'}),frozenset({'REGENCY TEA PLATE ROSES'}),0.019768805495057797,0.02317529457753951,0.016529848662534204,0.8361581920903954,36.07972227894629,1.0,0.01607170077174016,5.961999064130188,0.9918921228526424,0.6257928118393236,0.832271023654397,0.7747056020692942,1,1
"frozenset({""POPPY'S PLAYHOUSE BEDROOM""})","frozenset({""POPPY'S PLAYHOUSE KITCHEN""})",0.023063606410900765,0.023733735410733234,0.016976601329089184,0.7360774818401937,31.013975217205527,1.0,0.016429215796915576,3.6990639199574975,0.9906033572412798,0.5692883895131086,0.7296613355057974,0.7256857997436262,1,1
"frozenset({""POPPY'S PLAYHOUSE KITCHEN""})","frozenset({""POPPY'S PLAYHOUSE BEDROOM""})",0.023733735410733234,0.023063606410900765,0.016976601329089184,0.7152941176470587,31.013975217205523,1.0,0.016429215796915576,3.431388159300554,0.9912833275128101,0.5692883895131086,0.7085727543561153,0.7256857997436262,1,1
frozenset({'WOODEN TREE CHRISTMAS SCANDINAVIAN'}),frozenset({'WOODEN STAR CHRISTMAS SCANDINAVIAN'}),0.018205171162115372,0.02758697715976992,0.015133746579549896,0.8312883435582823,30.13336106902462,1.0,0.014631520938510917,5.76375718992573,0.9847415788303836,0.49362477231329693,0.8265020598459863,0.6899356697548497,1,1
frozenset({'WOODEN STAR CHRISTMAS SCANDINAVIAN'}),frozenset({'WOODEN TREE CHRISTMAS SCANDINAVIAN'}),0.02758697715976992,0.018205171162115372,0.015133746579549896,0.548582995951417,30.133361069024616,1.0,0.014631520938510917,2.1749176925825786,0.9942423302944337,0.49362477231329693,0.5402124855527003,0.6899356697548497,1,1
frozenset({'SET/6 RED SPOTTY PAPER CUPS'}),frozenset({'SET/6 RED SPOTTY PAPER PLATES'}),0.023342826827497627,0.028871391076115485,0.01909867649522533,0.8181818181818182,28.338842975206614,1.0,0.01842473661306661,5.341207349081366,0.9877700904060331,0.5767284991568297,0.8127764127764129,0.7398452611218569,1,1
frozenset({'SET/6 RED SPOTTY PAPER PLATES'}),frozenset({'SET/6 RED SPOTTY PAPER CUPS'}),0.028871391076115485,0.023342826827497627,0.01909867649522533,0.6615087040618955,28.33884297520661,1.0,0.01842473661306661,2.8853243344581925,0.9933933933933934,0.5767284991568297,0.6534185124155962,0.7398452611218569,1,1
frozenset({'PINK VINTAGE PAISLEY PICNIC BAG'}),frozenset({'SCANDINAVIAN PAISLEY PICNIC BAG'}),0.022505165577707043,0.024292176243926957,0.015357122912827386,0.6823821339950372,28.09061350218191,1.0,0.014810423464214968,3.071955101357011,0.9866046202426458,0.48845470692717574,0.6744744089657241,0.6572830210205071,1,1
frozenset({'SCANDINAVIAN PAISLEY PICNIC BAG'}),frozenset({'PINK VINTAGE PAISLEY PICNIC BAG'}),0.024292176243926957,0.022505165577707043,0.015357122912827386,0.6321839080459769,28.090613502181906,1.0,0.014810423464214968,2.6575640810856083,0.9884115884115885,0.48845470692717574,0.6237155645212129,0.6572830210205071,1,1
frozenset({'SMALL MARSHMALLOWS PINK BOWL'}),frozenset({'SMALL DOLLY MIX DESIGN ORANGE BOWL'}),0.024794772993801308,0.029150611492712347,0.01932205282850282,0.7792792792792792,26.732862172517343,1.0,0.01859927003391052,4.398542127522812,0.9870669580837965,0.5580645161290323,0.7726519444379668,0.7210572641607125,1,1
frozenset({'SMALL DOLLY MIX DESIGN ORANGE BOWL'}),frozenset({'SMALL MARSHMALLOWS PINK BOWL'}),0.029150611492712347,0.024794772993801308,0.01932205282850282,0.6628352490421456,26.732862172517343,1.0,0.01859927003391052,2.8923700482797488,0.991495558758547,0.5580645161290323,0.6542627729827465,0.7210572641607125,1,1
frozenset({'WOODEN STAR CHRISTMAS SCANDINAVIAN'}),frozenset({'WOODEN HEART CHRISTMAS SCANDINAVIAN'}),0.02758697715976992,0.029150611492712347,0.021109063494722736,0.7651821862348178,26.249267066871422,1.0,0.020304886241279956,4.1344792924362075,0.98919252993795,0.5924764890282133,0.7581315737076147,0.7446600586346503,1,1
frozenset({'WOODEN HEART CHRISTMAS SCANDINAVIAN'}),frozenset({'WOODEN STAR CHRISTMAS SCANDINAVIAN'}),0.029150611492712347,0.02758697715976992,0.021109063494722736,0.7241379310344828,26.249267066871422,1.0,0.020304886241279956,3.5249972077958343,0.990785707437994,0.5924764890282133,0.7163118320240328,0.7446600586346503,1,1
frozenset({'SET OF 12 FAIRY CAKE BAKING CASES'}),frozenset({'SET OF 12 MINI LOAF BAKING CASES'}),0.029876584575864187,0.024292176243926957,0.016753224995811694,0.5607476635514019,23.0834676119884,1.0,0.01602745773772821,2.22129227961489,0.9861414920561822,0.4477611940298507,0.5498116077847387,0.6252014179825975,1,1
frozenset({'SET OF 12 MINI LOAF BAKING CASES'}),frozenset({'SET OF 12 FAIRY CAKE BAKING CASES'}),0.024292176243926957,0.029876584575864187,0.016753224995811694,0.689655172413793,23.083467611988397,1.0,0.01602745773772821,3.1259532274777704,0.9804973672161171,0.4477611940298507,0.6800975807284015,0.6252014179825975,1,1
frozenset({'CHRISTMAS CRAFT LITTLE FRIENDS'}),frozenset({'CHRISTMAS CRAFT TREE TOP ANGEL'}),0.029820740492544816,0.024738928910481933,0.015077902496230524,0.5056179775280899,20.438151520531616,1.0,0.014340169317127529,1.9726871665219798,0.9803053269121306,0.3818953323903819,0.49307725169465794,0.5575493950845867,1,1
frozenset({'CHRISTMAS CRAFT TREE TOP ANGEL'}),frozenset({'CHRISTMAS CRAFT LITTLE FRIENDS'}),0.024738928910481933,0.029820740492544816,0.015077902496230524,0.6094808126410834,20.438151520531612,1.0,0.014340169317127529,2.4843318610508818,0.9751972311294345,0.3818953323903819,0.5974772872827884,0.5575493950845867,1,1
frozenset({'BATHROOM METAL SIGN'}),frozenset({'TOILET METAL SIGN'}),0.037024627240743846,0.022337633327748924,0.01619478416261797,0.43740573152337864,19.581561085972854,1.0,0.015367741615217652,1.7377751986694436,0.9854162167350563,0.3751617076326003,0.4245515756205599,0.5812028657616893,1,1
frozenset({'TOILET METAL SIGN'}),frozenset({'BATHROOM METAL SIGN'}),0.022337633327748924,0.037024627240743846,0.01619478416261797,0.7250000000000001,19.58156108597285,1.0,0.015367741615217652,3.5017286282154783,0.9706127401256247,0.3751617076326003,0.7144267571329159,0.5812028657616893,1,1
"frozenset({'REGENCY CAKESTAND 3 TIER', 'PINK REGENCY TEACUP AND SAUCER'})","frozenset({'ROSES REGENCY TEACUP AND SAUCER', 'GREEN REGENCY TEACUP AND SAUCER'})",0.020662310828167756,0.04076618082314179,0.01563634332942425,0.7567567567567568,18.56334690855239,1.0,0.014794019829979202,3.943516812171529,0.9660920991536261,0.3414634146341463,0.7464192375410865,0.5701592002961866,2,2
"frozenset({'ROSES REGENCY TEACUP AND SAUCER', 'GREEN REGENCY TEACUP AND SAUCER'})","frozenset({'REGENCY CAKESTAND 3 TIER', 'PINK REGENCY TEACUP AND SAUCER'})",0.04076618082314179,0.020662310828167756,0.01563634332942425,0.3835616438356164,18.563346908552386,1.0,0.014794019829979202,1.5887033624343057,0.9863397067507215,0.3414634146341463,0.37055587364796616,0.5701592002961866,2,2
"frozenset({'REGENCY CAKESTAND 3 TIER', 'GREEN REGENCY TEACUP AND SAUCER'})","frozenset({'ROSES REGENCY TEACUP AND SAUCER', 'PINK REGENCY TEACUP AND SAUCER'})",0.02686100407661808,0.03177528340872285,0.01563634332942425,0.5821205821205823,18.319917862975863,1.0,0.01478282731224685,2.3169954660716643,0.971510345788723,0.36363636363636365,0.568406578846076,0.5371059852606426,2,2
"frozenset({'ROSES REGENCY TEACUP AND SAUCER', 'PINK REGENCY TEACUP AND SAUCER'})","frozenset({'REGENCY CAKESTAND 3 TIER', 'GREEN REGENCY TEACUP AND SAUCER'})",0.03177528340872285,0.02686100407661808,0.01563634332942425,0.492091388400703,18.31991786297586,1.0,0.01478282731224685,1.9159726251917104,0.9764413015177232,0.36363636363636365,0.4780718749048197,0.5371059852606426,2,2
frozenset({'PINK REGENCY TEACUP AND SAUCER'}),"frozenset({'GREEN REGENCY TEACUP AND SAUCER', 'ROSES REGENCY TEACUP AND SAUCER', 'REGENCY CAKESTAND 3 TIER'})",0.04076618082314179,0.02122075166136148,0.01563634332942425,0.3835616438356164,18.074837779379955,1.0,0.0147712543299942,1.5877974473049024,0.9848218963896904,0.3373493975903615,0.3701967453736739,0.5602018745493871,1,3
frozenset({'JUMBO BAG VINTAGE CHRISTMAS'}),"frozenset({""JUMBO BAG 50'S CHRISTMAS""})",0.026135030993466243,0.03942592282347685,0.017814262578879768,0.6816239316239316,17.28872484927726,1.0,0.01678386486394219,3.0171051551584753,0.9674429866686224,0.3730994152046783,0.6685564643677544,0.5667326456986514,1,1
"frozenset({""JUMBO BAG 50'S CHRISTMAS""})",frozenset({'JUMBO BAG VINTAGE CHRISTMAS'}),0.03942592282347685,0.026135030993466243,0.017814262578879768,0.45184135977337114,17.28872484927726,1.0,0.01678386486394219,1.7766115455261315,0.9808289195113137,0.3730994152046783,0.43713075459956174,0.5667326456986514,1,1
"frozenset({'ROSES REGENCY TEACUP AND SAUCER', 'GREEN REGENCY TEACUP AND SAUCER'})",frozenset({'PINK REGENCY TEACUP AND SAUCER'}),0.04076618082314179,0.04076618082314179,0.028703858826157367,0.7041095890410958,17.27190467254644,1.0,0.027041977327252272,3.241855037032899,0.9821406282810988,0.5433403805496827,0.6915346341595682,0.7041095890410958,2,1
frozenset({'PINK REGENCY TEACUP AND SAUCER'}),"frozenset({'ROSES REGENCY TEACUP AND SAUCER', 'GREEN REGENCY TEACUP AND SAUCER'})",0.04076618082314179,0.04076618082314179,0.028703858826157367,0.7041095890410958,17.27190467254644,1.0,0.027041977327252272,3.241855037032899,0.9821406282810988,0.5433403805496827,0.6915346341595682,0.7041095890410958,1,2
frozenset({'HAND WARMER BIRD DESIGN'}),frozenset({'HAND WARMER SCOTTY DOG DESIGN'}),0.030770089908974143,0.030323337242419167,0.015859719662701735,0.515426497277677,16.997683769339524,1.0,0.014926667849412354,2.001093038125195,0.9710476792536737,0.35061728395061725,0.5002731102713294,0.5192233775522823,1,1
frozenset({'HAND WARMER SCOTTY DOG DESIGN'}),frozenset({'HAND WARMER BIRD DESIGN'}),0.030323337242419167,0.030770089908974143,0.015859719662701735,0.5230202578268875,16.99768376933952,1.0,0.014926667849412354,2.032014830808598,0.9706002949278255,0.35061728395061725,0.5078776075654572,0.5192233775522823,1,1
"frozenset({'ROSES REGENCY TEACUP AND SAUCER', 'REGENCY CAKESTAND 3 TIER'})","frozenset({'PINK REGENCY TEACUP AND SAUCER', 'GREEN REGENCY TEACUP AND SAUCER'})",0.02730775674317306,0.033729826324900875,0.01563634332942425,0.572597137014315,16.975988298866458,1.0,0.014715257437154381,2.2607948082637495,0.9675139018749077,0.3444034440344404,0.5576776820502422,0.5180866479773563,2,2
frozenset({'HAND WARMER SCOTTY DOG DESIGN'}),frozenset({'HAND WARMER OWL DESIGN'}),0.030323337242419167,0.03618696599095326,0.01859607974535098,0.6132596685082873,16.946976672805402,1.0,0.01749877017182735,2.4921451307948206,0.9704187601561478,0.38811188811188807,0.5987392597472565,0.5635742786985881,1,1
frozenset({'HAND WARMER OWL DESIGN'}),frozenset({'HAND WARMER SCOTTY DOG DESIGN'}),0.03618696599095326,0.030323337242419167,0.01859607974535098,0.513888888888889,16.946976672805402,1.0,0.01749877017182735,1.9947634205298808,0.9763225767049858,0.38811188811188807,0.49868741841357606,0.5635742786985881,1,1
frozenset({'HANGING HEART ZINC T-LIGHT HOLDER'}),frozenset({'SINGLE HEART ZINC T-LIGHT HOLDER'}),0.03278047690847155,0.027866197576366783,0.015412966996146759,0.47018739352640543,16.87303738652774,1.0,0.014499499749967762,1.8348634791725809,0.9726166867490043,0.3407407407407408,0.4550003249010422,0.5116468029756276,1,1
frozenset({'SINGLE HEART ZINC T-LIGHT HOLDER'}),frozenset({'HANGING HEART ZINC T-LIGHT HOLDER'}),0.027866197576366783,0.03278047690847155,0.015412966996146759,0.5531062124248497,16.873037386527738,1.0,0.014499499749967762,2.1643163319402365,0.9676999663656224,0.3407407407407408,0.5379603317489483,0.5116468029756276,1,1
frozenset({'GREEN REGENCY TEACUP AND SAUCER'}),"frozenset({'ROSES REGENCY TEACUP AND SAUCER', 'PINK REGENCY TEACUP AND SAUCER', 'REGENCY CAKESTAND 3 TIER'})",0.05433629306974926,0.017255821745686045,0.01563634332942425,0.28776978417266186,16.676678075015715,1.0,0.0146987259418913,1.3798125331045417,0.9940489547655605,0.27944111776447106,0.2752638666427921,0.5969593257432889,1,3
"frozenset({'WOODLAND CHARLOTTE BAG', 'CHARLOTTE BAG SUKI DESIGN'})",frozenset({'STRAWBERRY CHARLOTTE BAG'}),0.025241525660356284,0.039984363656670574,0.016809069079131066,0.665929203539823,16.654740569535768,1.0,0.015799802737878198,2.873689189584006,0.964297372170108,0.34717416378316035,0.6520152549466355,0.5431601324961685,2,1
frozenset({'STRAWBERRY CHARLOTTE BAG'}),"frozenset({'WOODLAND CHARLOTTE BAG', 'CHARLOTTE BAG SUKI DESIGN'})",0.039984363656670574,0.025241525660356284,0.016809069079131066,0.4203910614525139,16.654740569535768,1.0,0.015799802737878198,1.6817519701859875,0.9791059642388014,0.34717416378316035,0.40538199584246154,0.5431601324961685,1,2
frozenset({'GREEN REGENCY TEACUP AND SAUCER'}),"frozenset({'ROSES REGENCY TEACUP AND SAUCER', 'PINK REGENCY TEACUP AND SAUCER'})",0.05433629306974926,0.03177528340872285,0.028703858826157367,0.5282631038026722,16.624969068180054,1.0,0.02697730771448666,2.0524676454102675,0.9938517310740393,0.49999999999999983,0.5127816010955387,0.7158011476834099,1,2
"frozenset({'ROSES REGENCY TEACUP AND SAUCER', 'PINK REGENCY TEACUP AND SAUCER'})",frozenset({'GREEN REGENCY TEACUP AND SAUCER'}),0.03177528340872285,0.05433629306974926,0.028703858826157367,0.9033391915641475,16.62496906818005,1.0,0.02697730771448666,9.783320895332949,0.9706935756147065,0.49999999999999983,0.8977852192830512,0.7158011476834099,2,1
"frozenset({'CHARLOTTE BAG PINK POLKADOT', 'CHARLOTTE BAG SUKI DESIGN'})",frozenset({'STRAWBERRY CHARLOTTE BAG'}),0.022784385994303904,0.039984363656670574,0.015077902496230524,0.6617647058823529,16.550587413736444,1.0,0.014166883320940325,2.838307098754191,0.9614860531712922,0.3161592505854801,0.6476773072093126,0.5194298389746961,2,1
frozenset({'STRAWBERRY CHARLOTTE BAG'}),"frozenset({'CHARLOTTE BAG PINK POLKADOT', 'CHARLOTTE BAG SUKI DESIGN'})",0.039984363656670574,0.022784385994303904,0.015077902496230524,0.3770949720670391,16.550587413736444,1.0,0.014166883320940325,1.568803541766992,0.9787123753385168,0.3161592505854801,0.3625715563634762,0.5194298389746961,1,2
"frozenset({'RED RETROSPOT CHARLOTTE BAG', 'CHARLOTTE BAG SUKI DESIGN'})",frozenset({'STRAWBERRY CHARLOTTE BAG'}),0.02820126207628302,0.039984363656670574,0.01854023566203161,0.6574257425742573,16.442070911001714,1.0,0.017412626143596437,2.8023577823894867,0.9664351002446748,0.37345331833520823,0.6431576273792814,0.560556446706123,2,1
frozenset({'STRAWBERRY CHARLOTTE BAG'}),"frozenset({'RED RETROSPOT CHARLOTTE BAG', 'CHARLOTTE BAG SUKI DESIGN'})",0.039984363656670574,0.02820126207628302,0.01854023566203161,0.46368715083798884,16.442070911001714,1.0,0.017412626143596437,1.8119997300869306,0.9782969934534252,0.37345331833520823,0.4481235381022794,0.560556446706123,1,2
frozenset({'PINK REGENCY TEACUP AND SAUCER'}),"frozenset({'REGENCY CAKESTAND 3 TIER', 'GREEN REGENCY TEACUP AND SAUCER'})",0.04076618082314179,0.02686100407661808,0.017981794828837886,0.4410958904109589,16.421422265257885,1.0,0.016886774279559324,1.7411555564315415,0.9790146219648763,0.36220472440944884,0.4256687770910732,0.5552672799248143,1,2
"frozenset({'RED RETROSPOT CHARLOTTE BAG', 'STRAWBERRY CHARLOTTE BAG'})",frozenset({'CHARLOTTE BAG PINK POLKADOT'}),0.026916848159937456,0.04115708940637739,0.018149327078796,0.6742738589211618,16.382933502986763,1.0,0.01704150795253957,2.9437088083192737,0.964933848361108,0.3635346756152126,0.6602924864124196,0.5576253962177043,2,1
frozenset({'CHARLOTTE BAG PINK POLKADOT'}),"frozenset({'RED RETROSPOT CHARLOTTE BAG', 'STRAWBERRY CHARLOTTE BAG'})",0.04115708940637739,0.026916848159937456,0.018149327078796,0.4409769335142469,16.38293350298676,1.0,0.01704150795253957,1.7406851526847718,0.9792645490793422,0.3635346756152126,0.42551356949438274,0.5576253962177043,1,2
frozenset({'STRAWBERRY CHARLOTTE BAG'}),"frozenset({'WOODLAND CHARLOTTE BAG', 'RED RETROSPOT CHARLOTTE BAG'})",0.039984363656670574,0.0280337298263249,0.018149327078796,0.45391061452513964,16.19158839502326,1.0,0.017028416230767375,1.7798666226198245,0.9773169323841188,0.3639417693169093,0.4381601479058705,0.5506604865454383,1,2
"frozenset({'WOODLAND CHARLOTTE BAG', 'RED RETROSPOT CHARLOTTE BAG'})",frozenset({'STRAWBERRY CHARLOTTE BAG'}),0.0280337298263249,0.039984363656670574,0.018149327078796,0.6474103585657369,16.191588395023256,1.0,0.017028416230767375,2.722756211550007,0.9653005104633948,0.3639417693169093,0.6327251056271683,0.5506604865454383,2,1
frozenset({'GREEN REGENCY TEACUP AND SAUCER'}),"frozenset({'REGENCY CAKESTAND 3 TIER', 'PINK REGENCY TEACUP AND SAUCER'})",0.05433629306974926,0.020662310828167756,0.017981794828837886,0.33093525179856115,16.016371767450902,1.0,0.01685908145218031,1.4637412773643514,0.9914347774736701,0.31537708129285014,0.3168191568658741,0.6006027610344157,1,2
"frozenset({'CHARLOTTE BAG SUKI DESIGN', 'STRAWBERRY CHARLOTTE BAG'})",frozenset({'CHARLOTTE BAG PINK POLKADOT'}),0.023007762327581394,0.04115708940637739,0.015077902496230524,0.6553398058252426,15.922889963246433,1.0,0.014130969965073575,2.781994923694172,0.959267938987859,0.3071672354948806,0.6405457136233326,0.5108449368339238,2,1
frozenset({'CHARLOTTE BAG PINK POLKADOT'}),"frozenset({'CHARLOTTE BAG SUKI DESIGN', 'STRAWBERRY CHARLOTTE BAG'})",0.04115708940637739,0.023007762327581394,0.015077902496230524,0.36635006784260515,15.922889963246433,1.0,0.014130969965073575,1.5418485635215686,0.9774253111585669,0.3071672354948806,0.3514278745274382,0.5108449368339238,1,2
"frozenset({'CHARLOTTE BAG SUKI DESIGN', 'STRAWBERRY CHARLOTTE BAG'})",frozenset({'WOODLAND CHARLOTTE BAG'}),0.023007762327581394,0.04601552465516279,0.016809069079131066,0.7305825242718446,15.876870463757184,1.0,0.01575035482448612,3.5409153499285835,0.9590816170543268,0.32192513368983955,0.7175871487523222,0.5479368932038834,2,1
frozenset({'WOODLAND CHARLOTTE BAG'}),"frozenset({'CHARLOTTE BAG SUKI DESIGN', 'STRAWBERRY CHARLOTTE BAG'})",0.04601552465516279,0.023007762327581394,0.016809069079131066,0.3652912621359223,15.876870463757184,1.0,0.01575035482448612,1.5392764891817838,0.9822123099201223,0.32192513368983955,0.35034413438513634,0.5479368932038834,1,2
frozenset({'CHARLOTTE BAG PINK POLKADOT'}),"frozenset({'RED RETROSPOT CHARLOTTE BAG', 'CHARLOTTE BAG SUKI DESIGN'})",0.04115708940637739,0.02820126207628302,0.01831685932875412,0.44504748982360925,15.781119604497764,1.0,0.017156177464107858,1.7511385570899252,0.9768369035612313,0.3588621444201313,0.428942960594838,0.5472762201593293,1,2
"frozenset({'RED RETROSPOT CHARLOTTE BAG', 'CHARLOTTE BAG SUKI DESIGN'})",frozenset({'CHARLOTTE BAG PINK POLKADOT'}),0.02820126207628302,0.04115708940637739,0.01831685932875412,0.6495049504950494,15.781119604497762,1.0,0.017156177464107858,2.735681750563725,0.9638139084097426,0.3588621444201313,0.6344604046892749,0.5472762201593293,2,1
frozenset({'CHARLOTTE BAG PINK POLKADOT'}),"frozenset({'WOODLAND CHARLOTTE BAG', 'RED RETROSPOT CHARLOTTE BAG'})",0.04115708940637739,0.0280337298263249,0.01809348299547663,0.4396200814111262,15.681826290496089,1.0,0.016939696270620346,1.7344773392687616,0.9764184588393481,0.35409836065573774,0.4234574431386979,0.5425192040521766,1,2
"frozenset({'WOODLAND CHARLOTTE BAG', 'RED RETROSPOT CHARLOTTE BAG'})",frozenset({'CHARLOTTE BAG PINK POLKADOT'}),0.0280337298263249,0.04115708940637739,0.01809348299547663,0.645418326693227,15.681826290496087,1.0,0.016939696270620346,2.704152478191002,0.9632349863988281,0.35409836065573774,0.6301983678564714,0.5425192040521766,2,1
"frozenset({'CHARLOTTE BAG PINK POLKADOT', 'RED RETROSPOT CHARLOTTE BAG'})",frozenset({'STRAWBERRY CHARLOTTE BAG'}),0.029038923326073603,0.039984363656670574,0.018149327078796,0.625,15.631110335195531,1.0,0.0169882242083281,2.5600416969155453,0.9640190947259446,0.3567508232711306,0.6093813623407597,0.5394553072625698,2,1
frozenset({'STRAWBERRY CHARLOTTE BAG'}),"frozenset({'CHARLOTTE BAG PINK POLKADOT', 'RED RETROSPOT CHARLOTTE BAG'})",0.039984363656670574,0.029038923326073603,0.018149327078796,0.45391061452513964,15.63111033519553,1.0,0.0169882242083281,1.7780259102264229,0.9750101797452155,0.3567508232711306,0.43757849970102236,0.5394553072625698,1,2
frozenset({'CHARLOTTE BAG PINK POLKADOT'}),"frozenset({'WOODLAND CHARLOTTE BAG', 'CHARLOTTE BAG SUKI DESIGN'})",0.04115708940637739,0.025241525660356284,0.01619478416261797,0.3934871099050204,15.58887981652478,1.0,0.015155916434261318,1.607152115410106,0.976021930793485,0.3225806451612904,0.37778136219244923,0.5175400151295013,1,2
"frozenset({'WOODLAND CHARLOTTE BAG', 'CHARLOTTE BAG SUKI DESIGN'})",frozenset({'CHARLOTTE BAG PINK POLKADOT'}),0.025241525660356284,0.04115708940637739,0.01619478416261797,0.6415929203539823,15.588879816524779,1.0,0.015155916434261318,2.6752900962241815,0.9600857377097759,0.3225806451612904,0.6262087609073245,0.5175400151295013,2,1
frozenset({'HAND WARMER BIRD DESIGN'}),frozenset({'HAND WARMER OWL DESIGN'}),0.030770089908974143,0.03618696599095326,0.017311665829005417,0.5626134301270418,15.547405390871816,1.0,0.016198189631930794,2.2035725383360365,0.9653855875815001,0.3487064116985377,0.5461914765215213,0.5205042459277185,1,1
frozenset({'HAND WARMER OWL DESIGN'}),frozenset({'HAND WARMER BIRD DESIGN'}),0.03618696599095326,0.030770089908974143,0.017311665829005417,0.4783950617283951,15.547405390871816,1.0,0.016198189631930794,1.858168585026582,0.9708113018172847,0.3487064116985377,0.46183569776275474,0.5205042459277185,1,1
"frozenset({'ROSES REGENCY TEACUP AND SAUCER', 'REGENCY CAKESTAND 3 TIER'})",frozenset({'PINK REGENCY TEACUP AND SAUCER'}),0.02730775674317306,0.04076618082314179,0.017255821745686045,0.6319018404907976,15.500638709135222,1.0,0.016142588796419482,2.6059185420971316,0.9617497578110804,0.3395604395604395,0.6162581508801719,0.5275947558618371,2,1
frozenset({'PINK REGENCY TEACUP AND SAUCER'}),"frozenset({'ROSES REGENCY TEACUP AND SAUCER', 'REGENCY CAKESTAND 3 TIER'})",0.04076618082314179,0.02730775674317306,0.017255821745686045,0.4232876712328767,15.50063870913522,1.0,0.016142588796419482,1.686616003746992,0.9752434814899806,0.3395604395604395,0.4070968152926354,0.5275947558618371,1,2
"frozenset({'CHARLOTTE BAG PINK POLKADOT', 'CHARLOTTE BAG SUKI DESIGN'})",frozenset({'WOODLAND CHARLOTTE BAG'}),0.022784385994303904,0.04601552465516279,0.01619478416261797,0.7107843137254902,15.446619788692177,1.0,0.015146348687144335,3.2985225927177426,0.957067103341866,0.3078556263269639,0.6968339697876458,0.5313630306491529,2,1
frozenset({'WOODLAND CHARLOTTE BAG'}),"frozenset({'CHARLOTTE BAG PINK POLKADOT', 'CHARLOTTE BAG SUKI DESIGN'})",0.04601552465516279,0.022784385994303904,0.01619478416261797,0.35194174757281554,15.446619788692177,1.0,0.015146348687144335,1.507913232098677,0.980373309218481,0.3078556263269639,0.3368318688945887,0.5313630306491529,1,2
frozenset({'ROSES REGENCY TEACUP AND SAUCER'}),"frozenset({'REGENCY CAKESTAND 3 TIER', 'PINK REGENCY TEACUP AND SAUCER', 'GREEN REGENCY TEACUP AND SAUCER'})",0.05634668006924666,0.017981794828837886,0.01563634332942425,0.2775024777006938,15.432412634119018,1.0,0.014623128889132886,1.359199408803433,0.9910433187359452,0.26641294005708854,0.26427278181326835,0.573533847545999,1,3
frozenset({'LARGE WHITE HEART OF WICKER'}),frozenset({'SMALL WHITE HEART OF WICKER'}),0.03093762215893226,0.03484670799128832,0.016585692745853576,0.5361010830324909,15.384554637600667,1.0,0.015507618460536452,2.0805249952250047,0.9648499051484126,0.33711691259931886,0.5193520855096231,0.5060313107470147,1,1
frozenset({'SMALL WHITE HEART OF WICKER'}),frozenset({'LARGE WHITE HEART OF WICKER'}),0.03484670799128832,0.03093762215893226,0.016585692745853576,0.4759615384615385,15.384554637600667,1.0,0.015507618460536452,1.8492199503756157,0.9687577621964012,0.33711691259931886,0.45923144523890796,0.5060313107470147,1,1
"frozenset({'WOODLAND CHARLOTTE BAG', 'STRAWBERRY CHARLOTTE BAG'})",frozenset({'CHARLOTTE BAG SUKI DESIGN'}),0.022561009661026414,0.04869604065449266,0.016809069079131066,0.745049504950495,15.300001703151967,1.0,0.01571043723547132,3.7313281512192717,0.9562136761367722,0.3087179487179487,0.7319989131287652,0.5451164955945136,2,1
frozenset({'CHARLOTTE BAG SUKI DESIGN'}),"frozenset({'WOODLAND CHARLOTTE BAG', 'STRAWBERRY CHARLOTTE BAG'})",0.04869604065449266,0.022561009661026414,0.016809069079131066,0.34518348623853207,15.300001703151965,1.0,0.01571043723547132,1.4926914178206392,0.9824835910432596,0.3087179487179487,0.3300691703178537,0.5451164955945136,1,2
frozenset({'GREEN REGENCY TEACUP AND SAUCER'}),frozenset({'PINK REGENCY TEACUP AND SAUCER'}),0.05433629306974926,0.04076618082314179,0.033729826324900875,0.6207605344295991,15.227340945247713,1.0,0.03151474317636025,2.529361805038165,0.9880136517543372,0.5495905368516832,0.6046433539052705,0.7240788973517858,1,1
frozenset({'PINK REGENCY TEACUP AND SAUCER'}),frozenset({'GREEN REGENCY TEACUP AND SAUCER'}),0.04076618082314179,0.05433629306974926,0.033729826324900875,0.8273972602739724,15.227340945247711,1.0,0.03151474317636025,5.478845286183192,0.9740363962745501,0.5495905368516832,0.8174797885748213,0.7240788973517858,1,1
"frozenset({'CHARLOTTE BAG PINK POLKADOT', 'WOODLAND CHARLOTTE BAG'})",frozenset({'CHARLOTTE BAG SUKI DESIGN'}),0.021890880661193945,0.04869604065449266,0.01619478416261797,0.7397959183673471,15.192116410784502,1.0,0.015128784947977824,3.6559916868964626,0.9550840166556744,0.29774127310061604,0.7264764021252765,0.5361823628533984,2,1
frozenset({'CHARLOTTE BAG SUKI DESIGN'}),"frozenset({'CHARLOTTE BAG PINK POLKADOT', 'WOODLAND CHARLOTTE BAG'})",0.04869604065449266,0.021890880661193945,0.01619478416261797,0.33256880733944955,15.192116410784498,1.0,0.015128784947977824,1.465483079146802,0.9819956883900286,0.29774127310061604,0.31763115232814865,0.5361823628533984,1,2
"frozenset({'PINK REGENCY TEACUP AND SAUCER', 'GREEN REGENCY TEACUP AND SAUCER'})",frozenset({'ROSES REGENCY TEACUP AND SAUCER'}),0.033729826324900875,0.05634668006924666,0.028703858826157367,0.8509933774834438,15.10281309276118,1.0,0.026803295093436923,6.332962280424172,0.9663831039848019,0.467697907188353,0.8420960119893496,0.6802043200598586,2,1
frozenset({'ROSES REGENCY TEACUP AND SAUCER'}),"frozenset({'PINK REGENCY TEACUP AND SAUCER', 'GREEN REGENCY TEACUP AND SAUCER'})",0.05634668006924666,0.033729826324900875,0.028703858826157367,0.5094152626362736,15.102813092761178,1.0,0.026803295093436923,1.9696295055316668,0.9895447300419593,0.467697907188353,0.49229030272367513,0.6802043200598586,1,2
frozenset({'RED RETROSPOT CHARLOTTE BAG'}),"frozenset({'CHARLOTTE BAG PINK POLKADOT', 'STRAWBERRY CHARLOTTE BAG'})",0.05729602948567599,0.02105321941140336,0.018149327078796,0.3167641325536062,15.04587618471466,1.0,0.01694306119863183,1.4328094106760343,0.9902754576150703,0.30148423005565866,0.3020704690038463,0.5894165490354237,1,2
"frozenset({'CHARLOTTE BAG PINK POLKADOT', 'STRAWBERRY CHARLOTTE BAG'})",frozenset({'RED RETROSPOT CHARLOTTE BAG'}),0.02105321941140336,0.05729602948567599,0.018149327078796,0.8620689655172412,15.045876184714658,1.0,0.01694306119863183,6.834603786228841,0.9536132344552196,0.30148423005565866,0.8536857393233362,0.5894165490354237,2,1
frozenset({'ROSES REGENCY TEACUP AND SAUCER'}),"frozenset({'REGENCY CAKESTAND 3 TIER', 'PINK REGENCY TEACUP AND SAUCER'})",0.05634668006924666,0.020662310828167756,0.017255821745686045,0.30624380574826565,14.821372512254575,1.0,0.016091569127959945,1.4116453262491127,0.9882123504399708,0.288785046728972,0.2916067645283796,0.5706894704417004,1,2
"frozenset({'REGENCY CAKESTAND 3 TIER', 'PINK REGENCY TEACUP AND SAUCER'})",frozenset({'ROSES REGENCY TEACUP AND SAUCER'}),0.020662310828167756,0.05634668006924666,0.017255821745686045,0.835135135135135,14.821372512254573,1.0,0.016091569127959945,5.723798825809484,0.9522046129745467,0.288785046728972,0.8252908548268945,0.5706894704417004,2,1
frozenset({'RED HARMONICA IN BOX'}),frozenset({'BLUE HARMONICA IN BOX'}),0.035628525157759536,0.03261294465851343,0.017199977662366674,0.4827586206896552,14.802668871043931,1.0,0.01603802654313221,1.8702816403268745,0.9668936078687657,0.33698030634573306,0.46532116958319314,0.5050779404818139,1,1
frozenset({'BLUE HARMONICA IN BOX'}),frozenset({'RED HARMONICA IN BOX'}),0.03261294465851343,0.035628525157759536,0.017199977662366674,0.5273972602739726,14.80266887104393,1.0,0.01603802654313221,2.0405541351734366,0.9638795655651858,0.33698030634573306,0.5099370397664038,0.5050779404818139,1,1
"frozenset({'CHARLOTTE BAG PINK POLKADOT', 'STRAWBERRY CHARLOTTE BAG'})",frozenset({'CHARLOTTE BAG SUKI DESIGN'}),0.02105321941140336,0.04869604065449266,0.015077902496230524,0.7161803713527851,14.707158153456792,1.0,0.014052694067864873,3.351790585731367,0.9520496080792715,0.27579162410623087,0.7016520052723406,0.5129066994378604,2,1
frozenset({'CHARLOTTE BAG SUKI DESIGN'}),"frozenset({'CHARLOTTE BAG PINK POLKADOT', 'STRAWBERRY CHARLOTTE BAG'})",0.04869604065449266,0.02105321941140336,0.015077902496230524,0.30963302752293576,14.707158153456792,1.0,0.014052694067864873,1.4180092901549106,0.9797140962506387,0.27579162410623087,0.29478600250160925,0.5129066994378604,1,2
"frozenset({'RED RETROSPOT CHARLOTTE BAG', 'STRAWBERRY CHARLOTTE BAG'})",frozenset({'WOODLAND CHARLOTTE BAG'}),0.026916848159937456,0.04601552465516279,0.018149327078796,0.6742738589211618,14.653182028763645,1.0,0.016910734188653125,2.9287931026510283,0.9575291027480409,0.33129459734964317,0.6585624300006582,0.5343456673246585,2,1
frozenset({'WOODLAND CHARLOTTE BAG'}),"frozenset({'RED RETROSPOT CHARLOTTE BAG', 'STRAWBERRY CHARLOTTE BAG'})",0.04601552465516279,0.026916848159937456,0.018149327078796,0.3944174757281553,14.653182028763643,1.0,0.016910734188653125,1.6068547437198628,0.9766987423394378,0.33129459734964317,0.37766621164212777,0.5343456673246585,1,2
"frozenset({'CHARLOTTE BAG PINK POLKADOT', 'WOODLAND CHARLOTTE BAG'})",frozenset({'RED RETROSPOT CHARLOTTE BAG'}),0.021890880661193945,0.05729602948567599,0.01809348299547663,0.826530612244898,14.42561761546724,1.0,0.016839222451645448,5.434411124141398,0.951508231040061,0.2961608775137112,0.8159874221591961,0.5711600429645542,2,1
frozenset({'RED RETROSPOT CHARLOTTE BAG'}),"frozenset({'CHARLOTTE BAG PINK POLKADOT', 'WOODLAND CHARLOTTE BAG'})",0.05729602948567599,0.021890880661193945,0.01809348299547663,0.3157894736842105,14.42561761546724,1.0,0.016839222451645448,1.429544097495178,0.9872440416247065,0.2961608775137112,0.30047628348633504,0.5711600429645542,1,2
"frozenset({'RED RETROSPOT CHARLOTTE BAG', 'CHARLOTTE BAG SUKI DESIGN'})",frozenset({'WOODLAND CHARLOTTE BAG'}),0.02820126207628302,0.04601552465516279,0.018651923828670352,0.6613861386138613,14.373108718638852,1.0,0.017354227958292442,2.8173225733867993,0.9574262577018128,0.33567839195979904,0.6450530693764804,0.533362972219552,2,1
frozenset({'WOODLAND CHARLOTTE BAG'}),"frozenset({'RED RETROSPOT CHARLOTTE BAG', 'CHARLOTTE BAG SUKI DESIGN'})",0.04601552465516279,0.02820126207628302,0.018651923828670352,0.40533980582524265,14.373108718638852,1.0,0.017354227958292442,1.6342084898962095,0.9753047905243193,0.33567839195979904,0.3880829733888415,0.533362972219552,1,2
frozenset({'GARDENERS KNEELING PAD CUP OF TEA'}),frozenset({'GARDENERS KNEELING PAD KEEP CALM'}),0.04205059473948735,0.05048305132071257,0.03037918132573854,0.7224435590969455,14.31061594330642,1.0,0.02825633899343851,3.4209869012225034,0.9709508672304178,0.4887690925426774,0.7076866913338237,0.6621067353006851,1,1
frozenset({'GARDENERS KNEELING PAD KEEP CALM'}),frozenset({'GARDENERS KNEELING PAD CUP OF TEA'}),0.05048305132071257,0.04205059473948735,0.03037918132573854,0.6017699115044247,14.31061594330642,1.0,0.02825633899343851,2.4055173954319535,0.9795736738499434,0.4887690925426774,0.584289017448393,0.6621067353006851,1,1
"frozenset({'ROSES REGENCY TEACUP AND SAUCER', 'REGENCY CAKESTAND 3 TIER'})",frozenset({'GREEN REGENCY TEACUP AND SAUCER'}),0.02730775674317306,0.05433629306974926,0.02122075166136148,0.7770961145194275,14.301603414901734,1.0,0.019736949387887007,4.242472960448558,0.956189150969052,0.35120147874306834,0.7642884210877163,0.5838204108054486,2,1
frozenset({'GREEN REGENCY TEACUP AND SAUCER'}),"frozenset({'ROSES REGENCY TEACUP AND SAUCER', 'REGENCY CAKESTAND 3 TIER'})",0.05433629306974926,0.02730775674317306,0.02122075166136148,0.3905447070914697,14.301603414901734,1.0,0.019736949387887007,1.596002618362382,0.9835185208207717,0.35120147874306834,0.37343461188924953,0.5838204108054486,1,2
frozenset({'BAKING SET SPACEBOY DESIGN'}),frozenset({'BAKING SET 9 PIECE RETROSPOT'}),0.02512983749371754,0.049924610487518846,0.01792595074551851,0.7133333333333334,14.288210290827742,1.0,0.016671353397030016,3.3142164750435392,0.9539857347747389,0.313782991202346,0.6982695585728561,0.5361968680089486,1,1
frozenset({'BAKING SET 9 PIECE RETROSPOT'}),frozenset({'BAKING SET SPACEBOY DESIGN'}),0.049924610487518846,0.02512983749371754,0.01792595074551851,0.35906040268456374,14.28821029082774,1.0,0.016671353397030016,1.5210016148003778,0.9788825587469944,0.313782991202346,0.34253850208354714,0.5361968680089486,1,1
frozenset({'IVORY KITCHEN SCALES'}),frozenset({'RED KITCHEN SCALES'}),0.037303847657340704,0.028759702909476742,0.01518959066286927,0.407185628742515,14.15820010464508,1.0,0.01411674308686377,1.6383548445870446,0.9653820168359705,0.29857299670691545,0.38963161533418905,0.46767048427417013,1,1
frozenset({'RED KITCHEN SCALES'}),frozenset({'IVORY KITCHEN SCALES'}),0.028759702909476742,0.037303847657340704,0.01518959066286927,0.5281553398058252,14.158200104645077,1.0,0.01411674308686377,2.0402819689566645,0.9568894082471995,0.29857299670691545,0.5098716671444349,0.46767048427417013,1,1
"frozenset({'RED RETROSPOT CHARLOTTE BAG', 'STRAWBERRY CHARLOTTE BAG'})",frozenset({'CHARLOTTE BAG SUKI DESIGN'}),0.026916848159937456,0.04869604065449266,0.01854023566203161,0.6887966804979253,14.14481898816095,1.0,0.01722949172974449,3.056856722696897,0.9550085564640196,0.32485322896281804,0.6728665780849046,0.5347653127260269,2,1
frozenset({'CHARLOTTE BAG SUKI DESIGN'}),"frozenset({'RED RETROSPOT CHARLOTTE BAG', 'STRAWBERRY CHARLOTTE BAG'})",0.04869604065449266,0.026916848159937456,0.01854023566203161,0.38073394495412843,14.14481898816095,1.0,0.01722949172974449,1.571349089638027,0.9768725621594095,0.32485322896281804,0.3636041751674937,0.5347653127260269,1,2
frozenset({'SWEETHEART CERAMIC TRINKET BOX'}),frozenset({'STRAWBERRY CERAMIC TRINKET BOX'}),0.028145417992963644,0.03864410565700564,0.015301278829508014,0.5436507936507937,14.068142719515553,1.0,0.014213624322827339,2.1066233510820402,0.9558193465259576,0.29718004338394793,0.525306695434491,0.4698022754381136,1,1
frozenset({'STRAWBERRY CERAMIC TRINKET BOX'}),frozenset({'SWEETHEART CERAMIC TRINKET BOX'}),0.03864410565700564,0.028145417992963644,0.015301278829508014,0.3959537572254335,14.068142719515553,1.0,0.014213624322827339,1.6089075855236104,0.9662575711641731,0.29718004338394793,0.37846026148571155,0.4698022754381136,1,1
"frozenset({'STRAWBERRY CHARLOTTE BAG', 'CHARLOTTE BAG SUKI DESIGN'})",frozenset({'RED RETROSPOT CHARLOTTE BAG'}),0.023007762327581394,0.05729602948567599,0.01854023566203161,0.8058252427184466,14.064242321012888,1.0,0.01722198223331108,4.854925448148768,0.9507728542061931,0.30018083182640143,0.7940236136105221,0.5647059936789114,2,1
frozenset({'RED RETROSPOT CHARLOTTE BAG'}),"frozenset({'STRAWBERRY CHARLOTTE BAG', 'CHARLOTTE BAG SUKI DESIGN'})",0.05729602948567599,0.023007762327581394,0.01854023566203161,0.3235867446393762,14.064242321012888,1.0,0.01722198223331108,1.4443718095848723,0.9853546048419731,0.30018083182640143,0.3076574927840703,0.5647059936789114,1,2
"frozenset({'WOODLAND CHARLOTTE BAG', 'STRAWBERRY CHARLOTTE BAG'})",frozenset({'RED RETROSPOT CHARLOTTE BAG'}),0.022561009661026414,0.05729602948567599,0.018149327078796,0.8044554455445544,14.040334954548086,1.0,0.01685667080403121,4.820916507440339,0.9502144247799278,0.29411764705882354,0.7925705623699032,0.5606097890490803,2,1
frozenset({'RED RETROSPOT CHARLOTTE BAG'}),"frozenset({'WOODLAND CHARLOTTE BAG', 'STRAWBERRY CHARLOTTE BAG'})",0.05729602948567599,0.022561009661026414,0.018149327078796,0.3167641325536062,14.040334954548085,1.0,0.01685667080403121,1.4306025735917072,0.9852261759921259,0.29411764705882354,0.3009938480053377,0.5606097890490803,1,2
frozenset({'TOY TIDY PINK POLKADOT'}),frozenset({'RECYCLING BAG RETROSPOT'}),0.026023342826827497,0.041436309822974256,0.015133746579549896,0.5815450643776824,14.034673137211804,1.0,0.014055435283547997,2.2907214339615076,0.9535627865882467,0.2892209178228389,0.5634563045622579,0.4733870874449059,1,1
frozenset({'RECYCLING BAG RETROSPOT'}),frozenset({'TOY TIDY PINK POLKADOT'}),0.041436309822974256,0.026023342826827497,0.015133746579549896,0.3652291105121293,14.034673137211803,1.0,0.014055435283547997,1.5343751159713246,0.9688953429004142,0.2892209178228389,0.34826888836309267,0.4733870874449059,1,1
"frozenset({'CHARLOTTE BAG PINK POLKADOT', 'CHARLOTTE BAG SUKI DESIGN'})",frozenset({'RED RETROSPOT CHARLOTTE BAG'}),0.022784385994303904,0.05729602948567599,0.01831685932875412,0.803921568627451,14.031017085196654,1.0,0.01701140447701146,4.807790249623053,0.9503832274736257,0.2965641952983725,0.7920042372733703,0.5618048388946222,2,1
frozenset({'RED RETROSPOT CHARLOTTE BAG'}),"frozenset({'CHARLOTTE BAG PINK POLKADOT', 'CHARLOTTE BAG SUKI DESIGN'})",0.05729602948567599,0.022784385994303904,0.01831685932875412,0.31968810916179335,14.03101708519665,1.0,0.01701140447701146,1.436422951246195,0.9851760024619972,0.2965641952983725,0.30382621697012596,0.5618048388946222,1,2
frozenset({'ROSES REGENCY TEACUP AND SAUCER'}),"frozenset({'REGENCY CAKESTAND 3 TIER', 'GREEN REGENCY TEACUP AND SAUCER'})",0.05634668006924666,0.02686100407661808,0.02122075166136148,0.3766105054509416,14.020715844303558,1.0,0.01970722325831755,1.5610449076100041,0.9841293893391309,0.34234234234234234,0.3594034386038111,0.5833156477358659,1,2
frozenset({'PINK REGENCY TEACUP AND SAUCER'}),frozenset({'ROSES REGENCY TEACUP AND SAUCER'}),0.04076618082314179,0.05634668006924666,0.03177528340872285,0.7794520547945206,13.833149598816137,1.0,0.029478244460236218,4.278676543785404,0.9671363380528974,0.4863247863247864,0.7662828704702024,0.6716883663467152,1,1
frozenset({'ROSES REGENCY TEACUP AND SAUCER'}),frozenset({'PINK REGENCY TEACUP AND SAUCER'}),0.05634668006924666,0.04076618082314179,0.03177528340872285,0.5639246778989099,13.833149598816135,1.0,0.029478244460236218,2.1996975535214776,0.9831045614116831,0.4863247863247864,0.5453920479208115,0.6716883663467152,1,1
"frozenset({'WOODLAND CHARLOTTE BAG', 'RED RETROSPOT CHARLOTTE BAG'})",frozenset({'CHARLOTTE BAG SUKI DESIGN'}),0.0280337298263249,0.04869604065449266,0.018651923828670352,0.6653386454183267,13.663095325121532,1.0,0.017286792181350572,2.8425868309014564,0.9535414663347824,0.3211538461538462,0.6482077560026989,0.5241830841770532,2,1
frozenset({'CHARLOTTE BAG SUKI DESIGN'}),"frozenset({'WOODLAND CHARLOTTE BAG', 'RED RETROSPOT CHARLOTTE BAG'})",0.04869604065449266,0.0280337298263249,0.018651923828670352,0.38302752293577974,13.66309532512153,1.0,0.017286792181350572,1.5753802743335403,0.9742523757884877,0.3211538461538462,0.36523262586676286,0.5241830841770532,1,2
"frozenset({'CHARLOTTE BAG PINK POLKADOT', 'RED RETROSPOT CHARLOTTE BAG'})",frozenset({'WOODLAND CHARLOTTE BAG'}),0.029038923326073603,0.04601552465516279,0.01809348299547663,0.6230769230769231,13.54058065720687,1.0,0.016757241703206308,2.5309792203026293,0.9538466017252851,0.31764705882352934,0.604896005475529,0.5081404032860344,2,1
frozenset({'WOODLAND CHARLOTTE BAG'}),"frozenset({'CHARLOTTE BAG PINK POLKADOT', 'RED RETROSPOT CHARLOTTE BAG'})",0.04601552465516279,0.029038923326073603,0.01809348299547663,0.39320388349514557,13.540580657206869,1.0,0.016757241703206308,1.6001438543586306,0.9708207495286268,0.31764705882352934,0.3750561880570295,0.5081404032860344,1,2
frozenset({'GREEN REGENCY TEACUP AND SAUCER'}),frozenset({'ROSES REGENCY TEACUP AND SAUCER'}),0.05433629306974926,0.05634668006924666,0.04076618082314179,0.750256937307297,13.315015833857055,1.0,0.0377045111013918,3.778496626718613,0.9780398840947367,0.5830670926517573,0.7353444772376475,0.736872769942053,1,1
frozenset({'ROSES REGENCY TEACUP AND SAUCER'}),frozenset({'GREEN REGENCY TEACUP AND SAUCER'}),0.05634668006924666,0.05433629306974926,0.04076618082314179,0.7234886025768088,13.315015833857055,1.0,0.0377045111013918,3.4199809329484703,0.9801235292496315,0.5830670926517573,0.7076007090080852,0.736872769942053,1,1
frozenset({'ROUND SNACK BOXES SET OF 4 FRUITS'}),frozenset({'ROUND SNACK BOXES SET OF4 WOODLAND'}),0.032054503825319706,0.04037527223990618,0.017088289495727927,0.5331010452961672,13.203652030592622,1.0,0.01579408017726553,2.0553156482622903,0.9548713040861646,0.3087790110998991,0.513456728242462,0.47816877990949436,1,1
frozenset({'ROUND SNACK BOXES SET OF4 WOODLAND'}),frozenset({'ROUND SNACK BOXES SET OF 4 FRUITS'}),0.04037527223990618,0.032054503825319706,0.017088289495727927,0.4232365145228215,13.203652030592622,1.0,0.01579408017726553,1.6782364358136541,0.9631508562456641,0.3087790110998991,0.4041364025592895,0.47816877990949436,1,1
frozenset({'PLASTERS IN TIN SPACEBOY'}),frozenset({'PLASTERS IN TIN WOODLAND ANIMALS'}),0.03713631540738259,0.03864410565700564,0.01881945607862847,0.5067669172932331,13.113692468164631,1.0,0.01738435638231369,1.949090456518571,0.9593713439372563,0.3303921568627451,0.486940179376702,0.49688056847320616,1,1
frozenset({'PLASTERS IN TIN WOODLAND ANIMALS'}),frozenset({'PLASTERS IN TIN SPACEBOY'}),0.03864410565700564,0.03713631540738259,0.01881945607862847,0.4869942196531792,13.113692468164631,1.0,0.01738435638231369,1.876906111938285,0.9608760216187147,0.3303921568627451,0.4672082989983459,0.49688056847320616,1,1
frozenset({'SET/6 RED SPOTTY PAPER PLATES'}),frozenset({'SET/20 RED RETROSPOT PAPER NAPKINS'}),0.028871391076115485,0.05366616406991679,0.020159714078293405,0.6982591876208898,13.011162614700597,1.0,0.01861029726787586,3.1362473921529044,0.950587706820394,0.3231871083258729,0.6811476025449825,0.536954775912422,1,1
frozenset({'SET/20 RED RETROSPOT PAPER NAPKINS'}),frozenset({'SET/6 RED SPOTTY PAPER PLATES'}),0.05366616406991679,0.028871391076115485,0.020159714078293405,0.37565036420395426,13.011162614700597,1.0,0.01861029726787586,1.5554243219597552,0.9754939349466923,0.3231871083258729,0.35708861827488264,0.536954775912422,1,1
"frozenset({'ALARM CLOCK BAKELIKE PINK', 'ALARM CLOCK BAKELIKE GREEN'})",frozenset({'ALARM CLOCK BAKELIKE RED'}),0.022951918244262022,0.05729602948567599,0.017088289495727927,0.7445255474452553,12.994365475733126,1.0,0.015773235711251866,3.6900126845846377,0.944726861938191,0.2705570291777188,0.7289982215569094,0.5213855807401715,2,1
frozenset({'ALARM CLOCK BAKELIKE RED'}),"frozenset({'ALARM CLOCK BAKELIKE PINK', 'ALARM CLOCK BAKELIKE GREEN'})",0.05729602948567599,0.022951918244262022,0.017088289495727927,0.2982456140350877,12.994365475733126,1.0,0.015773235711251866,1.3922935165019268,0.979144670130359,0.2705570291777188,0.2817606430341973,0.5213855807401715,1,2
frozenset({'PLASTERS IN TIN CIRCUS PARADE'}),frozenset({'PLASTERS IN TIN WOODLAND ANIMALS'}),0.03071424582565477,0.03864410565700564,0.015412966996146759,0.5018181818181818,12.985633210719916,1.0,0.014226042435284912,1.9297289849950618,0.9522391250074105,0.28571428571428575,0.48179251709661236,0.45033105622701,1,1
frozenset({'PLASTERS IN TIN WOODLAND ANIMALS'}),frozenset({'PLASTERS IN TIN CIRCUS PARADE'}),0.03864410565700564,0.03071424582565477,0.015412966996146759,0.3988439306358382,12.985633210719916,1.0,0.014226042435284912,1.6123695718477091,0.9600937840693362,0.28571428571428575,0.3797947955231868,0.45033105622701,1,1
"frozenset({'CHARLOTTE BAG PINK POLKADOT', 'RED RETROSPOT CHARLOTTE BAG'})",frozenset({'CHARLOTTE BAG SUKI DESIGN'}),0.029038923326073603,0.04869604065449266,0.01831685932875412,0.6307692307692307,12.95319336626676,1.0,0.016902778737904942,2.5764482232274157,0.9503974794737305,0.30827067669172936,0.6118687769524283,0.5034580098800282,2,1
frozenset({'CHARLOTTE BAG SUKI DESIGN'}),"frozenset({'CHARLOTTE BAG PINK POLKADOT', 'RED RETROSPOT CHARLOTTE BAG'})",0.04869604065449266,0.029038923326073603,0.01831685932875412,0.37614678899082565,12.95319336626676,1.0,0.016902778737904942,1.5563934905508525,0.970035865900191,0.30827067669172936,0.35748896016901793,0.5034580098800282,1,2
"frozenset({'WOODLAND CHARLOTTE BAG', 'CHARLOTTE BAG SUKI DESIGN'})",frozenset({'RED RETROSPOT CHARLOTTE BAG'}),0.025241525660356284,0.05729602948567599,0.018651923828670352,0.7389380530973451,12.896845727889044,1.0,0.01720568463017113,3.611035548071816,0.9463489520529264,0.2919580419580419,0.7230711282989253,0.5322370577377563,2,1
frozenset({'RED RETROSPOT CHARLOTTE BAG'}),"frozenset({'WOODLAND CHARLOTTE BAG', 'CHARLOTTE BAG SUKI DESIGN'})",0.05729602948567599,0.025241525660356284,0.018651923828670352,0.3255360623781676,12.896845727889044,1.0,0.01720568463017113,1.4452343853648473,0.9785273951829767,0.2919580419580419,0.3080707114870151,0.5322370577377563,1,2
frozenset({'SET/6 RED SPOTTY PAPER CUPS'}),frozenset({'SET/20 RED RETROSPOT PAPER NAPKINS'}),0.023342826827497627,0.05366616406991679,0.0161389400792986,0.6913875598086126,12.883118661282857,1.0,0.014886220104918458,3.0664150652618214,0.9444245824513323,0.2651376146788991,0.6738862878256122,0.4960579838585207,1,1
frozenset({'SET/20 RED RETROSPOT PAPER NAPKINS'}),frozenset({'SET/6 RED SPOTTY PAPER CUPS'}),0.05366616406991679,0.023342826827497627,0.0161389400792986,0.3007284079084288,12.883118661282857,1.0,0.014886220104918458,1.3966778919922245,0.9746867415609201,0.2651376146788991,0.2840153010701718,0.4960579838585207,1,1
frozenset({'CHOCOLATE HOT WATER BOTTLE'}),frozenset({'HOT WATER BOTTLE I AM SO POORLY'}),0.04635058915507902,0.03585190149103702,0.021332439828000222,0.46024096385542174,12.8372818376309,1.0,0.0196706830715608,1.786256521791159,0.9669191622668744,0.35045871559633024,0.44016999361477194,0.5276282700897047,1,1
frozenset({'HOT WATER BOTTLE I AM SO POORLY'}),frozenset({'CHOCOLATE HOT WATER BOTTLE'}),0.03585190149103702,0.04635058915507902,0.021332439828000222,0.5950155763239876,12.837281837630899,1.0,0.0196706830715608,2.3547804683170743,0.9563903002624624,0.35045871559633024,0.5753319625949316,0.5276282700897047,1,1
frozenset({'SPACEBOY LUNCH BOX'}),frozenset({'DOLLY GIRL LUNCH BOX'}),0.04936616965432512,0.04635058915507902,0.029318143742670465,0.5938914027149321,12.813028130622037,1.0,0.027029992694862913,2.348262059016463,0.9698312926768546,0.44154751892346517,0.5741531503435199,0.6132107615984299,1,1
frozenset({'DOLLY GIRL LUNCH BOX'}),frozenset({'SPACEBOY LUNCH BOX'}),0.04635058915507902,0.04936616965432512,0.029318143742670465,0.6325301204819277,12.813028130622035,1.0,0.027029992694862913,2.586970751432492,0.9667645426736603,0.44154751892346517,0.6134475044040345,0.6132107615984299,1,1
frozenset({'STRAWBERRY CHARLOTTE BAG'}),frozenset({'CHARLOTTE BAG PINK POLKADOT'}),0.039984363656670574,0.04115708940637739,0.02105321941140336,0.526536312849162,12.793332095237375,1.0,0.019407579381528664,2.025166737418979,0.9602284027775314,0.35037174721189596,0.5062134976231767,0.5190347778628442,1,1
frozenset({'CHARLOTTE BAG PINK POLKADOT'}),frozenset({'STRAWBERRY CHARLOTTE BAG'}),0.04115708940637739,0.039984363656670574,0.02105321941140336,0.5115332428765265,12.793332095237375,1.0,0.019407579381528664,1.9653653444028716,0.9614028230721341,0.35037174721189596,0.491188748774938,0.5190347778628442,1,1
frozenset({'JUMBO BAG APPLES'}),frozenset({'JUMBO BAG PEARS'}),0.05372200815323616,0.0326687887418328,0.022393477411068296,0.41683991683991684,12.759576736499815,1.0,0.020638444475923206,1.6587747330309393,0.9739500466891198,0.34991273996509603,0.3971453868405721,0.551155001155001,1,1
frozenset({'JUMBO BAG PEARS'}),frozenset({'JUMBO BAG APPLES'}),0.0326687887418328,0.05372200815323616,0.022393477411068296,0.6854700854700854,12.759576736499811,1.0,0.020638444475923206,3.0085468762519385,0.952752773418031,0.34991273996509603,0.6676136217475844,0.551155001155001,1,1
"frozenset({'ALARM CLOCK BAKELIKE PINK', 'ALARM CLOCK BAKELIKE RED'})",frozenset({'ALARM CLOCK BAKELIKE GREEN'}),0.02535321382699503,0.05372200815323616,0.017088289495727927,0.6740088105726872,12.546232610109262,1.0,0.01572626393580336,2.9027716776921,0.9442341691542065,0.2756756756756757,0.6555016683933379,0.4960480643300027,2,1
frozenset({'ALARM CLOCK BAKELIKE GREEN'}),"frozenset({'ALARM CLOCK BAKELIKE PINK', 'ALARM CLOCK BAKELIKE RED'})",0.05372200815323616,0.02535321382699503,0.017088289495727927,0.3180873180873181,12.546232610109262,1.0,0.01572626393580336,1.4292838541134614,0.9725416910149521,0.2756756756756757,0.30034891451266865,0.4960480643300027,1,2
frozenset({'CHARLOTTE BAG PINK POLKADOT'}),frozenset({'RED RETROSPOT CHARLOTTE BAG'}),0.04115708940637739,0.05729602948567599,0.029038923326073603,0.7055630936227951,12.314345338697263,1.0,0.0266807855179012,3.2017180934057916,0.9582319340531338,0.4183427192276751,0.6876676925243405,0.6061928528542826,1,1
frozenset({'RED RETROSPOT CHARLOTTE BAG'}),frozenset({'CHARLOTTE BAG PINK POLKADOT'}),0.05729602948567599,0.04115708940637739,0.029038923326073603,0.50682261208577,12.314345338697263,1.0,0.0266807855179012,1.9442150716779778,0.9746367103662288,0.4183427192276751,0.4856536118008085,0.6061928528542826,1,1
frozenset({'STRAWBERRY CHARLOTTE BAG'}),frozenset({'WOODLAND CHARLOTTE BAG'}),0.039984363656670574,0.04601552465516279,0.022561009661026414,0.5642458100558659,12.262074903726203,1.0,0.020721108189361896,2.189272065214434,0.9567008064892348,0.35563380281690143,0.5432271685693608,0.5272685360958941,1,1
frozenset({'WOODLAND CHARLOTTE BAG'}),frozenset({'STRAWBERRY CHARLOTTE BAG'}),0.04601552465516279,0.039984363656670574,0.022561009661026414,0.4902912621359223,12.262074903726202,1.0,0.020721108189361896,1.8834592484450081,0.962749140335798,0.35563380281690143,0.4690620459000617,0.5272685360958941,1,1
frozenset({'ALARM CLOCK BAKELIKE CHOCOLATE'}),frozenset({'ALARM CLOCK BAKELIKE GREEN'}),0.023286982744178255,0.05372200815323616,0.015301278829508014,0.657074340527578,12.23100854036106,1.0,0.014050255352661,2.7594260321685353,0.9401334652126554,0.24796380090497738,0.6376057961538707,0.4709488126754314,1,1
frozenset({'ALARM CLOCK BAKELIKE GREEN'}),frozenset({'ALARM CLOCK BAKELIKE CHOCOLATE'}),0.05372200815323616,0.023286982744178255,0.015301278829508014,0.28482328482328484,12.231008540361058,1.0,0.014050255352661,1.3656946549420064,0.9703708649495039,0.24796380090497738,0.26777190173416593,0.4709488126754314,1,1
frozenset({'SET OF 3 BUTTERFLY COOKIE CUTTERS'}),frozenset({'SET OF 3 HEART COOKIE CUTTERS'}),0.0375272239906182,0.037359691740660075,0.017088289495727927,0.4553571428571428,12.188460922485586,1.0,0.01568628397555573,1.7674707299187877,0.95374665096674,0.29565217391304344,0.4342197677887723,0.4563781229980781,1,1
frozenset({'SET OF 3 HEART COOKIE CUTTERS'}),frozenset({'SET OF 3 BUTTERFLY COOKIE CUTTERS'}),0.037359691740660075,0.0375272239906182,0.017088289495727927,0.45739910313901344,12.188460922485584,1.0,0.01568628397555573,1.773813463223902,0.9535806665165197,0.29565217391304344,0.4362428627740246,0.4563781229980781,1,1
frozenset({'ALARM CLOCK BAKELIKE RED'}),frozenset({'ALARM CLOCK BAKELIKE CHOCOLATE'}),0.05729602948567599,0.023286982744178255,0.015859719662701735,0.27680311890838205,11.886602998303111,1.0,0.01452546801275887,1.350549266448077,0.9715368807835462,0.2450388265746333,0.2595605174552543,0.47892913739184084,1,1
frozenset({'ALARM CLOCK BAKELIKE CHOCOLATE'}),frozenset({'ALARM CLOCK BAKELIKE RED'}),0.023286982744178255,0.05729602948567599,0.015859719662701735,0.6810551558752996,11.88660299830311,1.0,0.01452546801275887,2.9556959075524283,0.937708066581306,0.2450388265746333,0.6616702017806404,0.47892913739184084,1,1
frozenset({'ALARM CLOCK BAKELIKE ORANGE'}),frozenset({'ALARM CLOCK BAKELIKE RED'}),0.024292176243926957,0.05729602948567599,0.016474004579214833,0.6781609195402298,11.836089265308866,1.0,0.015082159332871556,2.929115908383792,0.9383061324268952,0.25300171526586623,0.6586000584211181,0.48284264300598234,1,1
frozenset({'ALARM CLOCK BAKELIKE RED'}),frozenset({'ALARM CLOCK BAKELIKE ORANGE'}),0.05729602948567599,0.024292176243926957,0.016474004579214833,0.2875243664717349,11.836089265308866,1.0,0.015082159332871556,1.3694613230830792,0.9711560183497846,0.25300171526586623,0.2697858762825869,0.48284264300598234,1,1
frozenset({'CHARLOTTE BAG SUKI DESIGN'}),frozenset({'STRAWBERRY CHARLOTTE BAG'}),0.04869604065449266,0.039984363656670574,0.023007762327581394,0.4724770642201835,11.816545794679925,1.0,0.021060682129412145,1.819855728024746,0.9622296756249983,0.3503401360544218,0.4505058919778271,0.5239480293167956,1,1
frozenset({'STRAWBERRY CHARLOTTE BAG'}),frozenset({'CHARLOTTE BAG SUKI DESIGN'}),0.039984363656670574,0.04869604065449266,0.023007762327581394,0.5754189944134078,11.816545794679923,1.0,0.021060682129412145,2.240571167405866,0.9534979072928768,0.3503401360544218,0.5536852323428761,0.5239480293167956,1,1
frozenset({'STRAWBERRY CHARLOTTE BAG'}),frozenset({'RED RETROSPOT CHARLOTTE BAG'}),0.039984363656670574,0.05729602948567599,0.026916848159937456,0.6731843575418995,11.749232251952042,1.0,0.024625902880898866,2.8845130037959663,0.9529928692302809,0.38253968253968257,0.6533210289972629,0.5714849662953163,1,1
frozenset({'RED RETROSPOT CHARLOTTE BAG'}),frozenset({'STRAWBERRY CHARLOTTE BAG'}),0.05729602948567599,0.039984363656670574,0.026916848159937456,0.469785575048733,11.74923225195204,1.0,0.024625902880898866,1.8106177258975296,0.9704934787594194,0.38253968253968257,0.4477023030886895,0.5714849662953163,1,1
frozenset({'JUMBO BAG WOODLAND ANIMALS'}),frozenset({'JUMBO BAG TOYS'}),0.047635003071424584,0.029150611492712347,0.0161389400792986,0.33880422039859326,11.622542480225306,1.0,0.014750350611309342,1.4683236319090718,0.9596743988056663,0.2661141804788214,0.3189512323656951,0.44622203357094414,1,1
frozenset({'JUMBO BAG TOYS'}),frozenset({'JUMBO BAG WOODLAND ANIMALS'}),0.029150611492712347,0.047635003071424584,0.0161389400792986,0.553639846743295,11.622542480225304,1.0,0.014750350611309342,2.1336245853936324,0.9414027723458057,0.2661141804788214,0.531313987078233,0.44622203357094414,1,1
frozenset({'WOODLAND CHARLOTTE BAG'}),frozenset({'CHARLOTTE BAG PINK POLKADOT'}),0.04601552465516279,0.04115708940637739,0.021890880661193945,0.4757281553398057,11.558838639986298,1.0,0.019997015598880046,1.828904070206354,0.9575482010400601,0.3353293413173653,0.4532244657932383,0.5038070898815717,1,1
frozenset({'CHARLOTTE BAG PINK POLKADOT'}),frozenset({'WOODLAND CHARLOTTE BAG'}),0.04115708940637739,0.04601552465516279,0.021890880661193945,0.5318860244233378,11.558838639986297,1.0,0.019997015598880046,2.0379320531279563,0.9526963260551745,0.3353293413173653,0.5093065058449165,0.5038070898815717,1,1
frozenset({'ALARM CLOCK BAKELIKE ORANGE'}),frozenset({'ALARM CLOCK BAKELIKE GREEN'}),0.024292176243926957,0.05372200815323616,0.015022058412911153,0.6183908045977011,11.510939852319163,1.0,0.01371703392267506,2.4797043762249533,0.9358602016013727,0.23847517730496456,0.5967261220378303,0.4490082921117404,1,1
frozenset({'ALARM CLOCK BAKELIKE GREEN'}),frozenset({'ALARM CLOCK BAKELIKE ORANGE'}),0.05372200815323616,0.024292176243926957,0.015022058412911153,0.27962577962577967,11.510939852319163,1.0,0.01371703392267506,1.3544457813179545,0.9649660337786475,0.23847517730496456,0.2616906384935232,0.4490082921117404,1,1
frozenset({'ALARM CLOCK BAKELIKE IVORY'}),frozenset({'ALARM CLOCK BAKELIKE RED'}),0.031216842575529122,0.05729602948567599,0.02055062266152901,0.6583184257602862,11.489773927962423,1.0,0.018762021528871787,2.7590131911911366,0.9423843495303305,0.30238290879211177,0.6375515698175135,0.508496444848954,1,1
frozenset({'ALARM CLOCK BAKELIKE RED'}),frozenset({'ALARM CLOCK BAKELIKE IVORY'}),0.05729602948567599,0.031216842575529122,0.02055062266152901,0.3586744639376218,11.489773927962421,1.0,0.018762021528871787,1.5105950144642966,0.9684546943695381,0.30238290879211177,0.3380092013909957,0.508496444848954,1,1
frozenset({'VINTAGE HEADS AND TAILS CARD GAME'}),frozenset({'VINTAGE SNAP CARDS'}),0.03317138549170715,0.049086949237728265,0.018707767911989723,0.5639730639730639,11.489266958550234,1.0,0.017079485796213177,2.180858502520422,0.9442855036893163,0.2943760984182776,0.5414649786566629,0.4725439836361337,1,1
frozenset({'VINTAGE SNAP CARDS'}),frozenset({'VINTAGE HEADS AND TAILS CARD GAME'}),0.049086949237728265,0.03317138549170715,0.018707767911989723,0.38111490329920356,11.489266958550234,1.0,0.017079485796213177,1.5622102061632157,0.9600901412598739,0.2943760984182776,0.3598812784253935,0.4725439836361337,1,1
frozenset({'ALARM CLOCK BAKELIKE GREEN'}),frozenset({'ALARM CLOCK BAKELIKE RED'}),0.05372200815323616,0.05729602948567599,0.03534930474116267,0.658004158004158,11.484288944815262,1.0,0.03227124697798513,2.7564778712303335,0.9647529853344875,0.4671586715867158,0.6372182013731685,0.6374816111658217,1,1
frozenset({'ALARM CLOCK BAKELIKE RED'}),frozenset({'ALARM CLOCK BAKELIKE GREEN'}),0.05729602948567599,0.05372200815323616,0.03534930474116267,0.6169590643274854,11.484288944815262,1.0,0.03227124697798513,2.470435673370941,0.9684105998751787,0.4671586715867158,0.5952130991391137,0.6374816111658217,1,1
frozenset({'ALARM CLOCK BAKELIKE IVORY'}),frozenset({'ALARM CLOCK BAKELIKE PINK'}),0.031216842575529122,0.042385659239403586,0.015133746579549896,0.48479427549194987,11.437695772377268,1.0,0.013810600127613412,1.8587028350179629,0.9419752970875339,0.2588347659980898,0.46199038320704144,0.420921511922523,1,1
frozenset({'ALARM CLOCK BAKELIKE PINK'}),frozenset({'ALARM CLOCK BAKELIKE IVORY'}),0.042385659239403586,0.031216842575529122,0.015133746579549896,0.3570487483530961,11.437695772377266,1.0,0.013810600127613412,1.5067754436171583,0.9529617129621262,0.2588347659980898,0.3363311008046398,0.420921511922523,1,1
frozenset({'ALARM CLOCK BAKELIKE PINK'}),"frozenset({'ALARM CLOCK BAKELIKE GREEN', 'ALARM CLOCK BAKELIKE RED'})",0.042385659239403586,0.03534930474116267,0.017088289495727927,0.40316205533596833,11.405091508532678,1.0,0.015589985910619173,1.6162690456985813,0.9527007093950246,0.281767955801105,0.38129112683230204,0.44328718880542495,1,2
frozenset({'CHARLOTTE BAG PINK POLKADOT'}),frozenset({'CHARLOTTE BAG SUKI DESIGN'}),0.04115708940637739,0.04869604065449266,0.022784385994303904,0.55359565807327,11.368391570089504,1.0,0.02078019869535036,2.1310365289897844,0.9511848070620211,0.33971690258118237,0.5307447871510448,0.5107427831650754,1,1
frozenset({'CHARLOTTE BAG SUKI DESIGN'}),frozenset({'CHARLOTTE BAG PINK POLKADOT'}),0.04869604065449266,0.04115708940637739,0.022784385994303904,0.4678899082568807,11.368391570089504,1.0,0.02078019869535036,1.801963400943187,0.9587228140449017,0.33971690258118237,0.4450497721115878,0.5107427831650754,1,1
frozenset({'JUMBO BAG WOODLAND ANIMALS'}),"frozenset({'JUMBO BAG PINK POLKADOT', 'JUMBO STORAGE BAG SUKI'})",0.047635003071424584,0.028703858826157367,0.015524655162785502,0.32590855803048063,11.354172273641668,1.0,0.014157346759439759,1.4408967102978916,0.9575390233140098,0.25528007346189163,0.3059877277440244,0.43338229457944266,1,2
"frozenset({'JUMBO BAG PINK POLKADOT', 'JUMBO STORAGE BAG SUKI'})",frozenset({'JUMBO BAG WOODLAND ANIMALS'}),0.028703858826157367,0.047635003071424584,0.015524655162785502,0.5408560311284046,11.354172273641666,1.0,0.014157346759439759,2.0742186797512194,0.9388760135455138,0.25528007346189163,0.5178907558001842,0.43338229457944266,2,1
frozenset({'HOT WATER BOTTLE TEA AND SYMPATHY'}),frozenset({'CHOCOLATE HOT WATER BOTTLE'}),0.03523761657452393,0.04635058915507902,0.018428547495392862,0.5229793977812995,11.283122983216543,1.0,0.016795263206742902,1.9991786652596184,0.9446596083549084,0.2917771883289125,0.4997945819564169,0.46028487961354136,1,1
frozenset({'CHOCOLATE HOT WATER BOTTLE'}),frozenset({'HOT WATER BOTTLE TEA AND SYMPATHY'}),0.04635058915507902,0.03523761657452393,0.018428547495392862,0.39759036144578314,11.283122983216543,1.0,0.016795263206742902,1.6015055564862903,0.9556678218621184,0.2917771883289125,0.37558755512905995,0.46028487961354136,1,1
frozenset({'WOODLAND CHARLOTTE BAG'}),frozenset({'CHARLOTTE BAG SUKI DESIGN'}),0.04601552465516279,0.04869604065449266,0.025241525660356284,0.5485436893203883,11.264646610848846,1.0,0.023000751801010667,2.107189415324457,0.9551797859384089,0.3633440514469453,0.5254342145383148,0.5334461565867996,1,1
frozenset({'CHARLOTTE BAG SUKI DESIGN'}),frozenset({'WOODLAND CHARLOTTE BAG'}),0.04869604065449266,0.04601552465516279,0.025241525660356284,0.518348623853211,11.264646610848846,1.0,0.023000751801010667,1.9806534821445192,0.9578712229636536,0.3633440514469453,0.495116127573579,0.5334461565867996,1,1
frozenset({'HAND OVER THE CHOCOLATE SIGN'}),frozenset({'COOK WITH WINE METAL SIGN'}),0.0375272239906182,0.0389233260736025,0.01641816049589546,0.4375,11.24004662840746,1.0,0.014957476119871511,1.7085807536469289,0.9465539392432342,0.27348837209302335,0.41471891342242884,0.42965387374461983,1,1
frozenset({'COOK WITH WINE METAL SIGN'}),frozenset({'HAND OVER THE CHOCOLATE SIGN'}),0.0389233260736025,0.0375272239906182,0.01641816049589546,0.4218077474892396,11.240046628407459,1.0,0.014957476119871511,1.664624131212256,0.9479289449655516,0.27348837209302335,0.3992637849892552,0.42965387374461983,1,1
frozenset({'JUMBO BAG PEARS'}),frozenset({'JUMBO BAG VINTAGE LEAF'}),0.0326687887418328,0.04791422348802144,0.01736750991232479,0.5316239316239316,11.095326041479888,1.0,0.015802210267465654,2.0327378805091514,0.940600229212447,0.2747349823321555,0.508052656671344,0.44704739704739704,1,1
frozenset({'JUMBO BAG VINTAGE LEAF'}),frozenset({'JUMBO BAG PEARS'}),0.04791422348802144,0.0326687887418328,0.01736750991232479,0.36247086247086246,11.095326041479888,1.0,0.015802210267465654,1.5173129419735054,0.9556617496872548,0.2747349823321555,0.34094017632292656,0.44704739704739704,1,1
frozenset({'JUMBO BAG SCANDINAVIAN BLUE PAISLEY'}),"frozenset({'JUMBO SHOPPER VINTAGE RED PAISLEY', 'JUMBO BAG RED RETROSPOT'})",0.036577874574188866,0.03775060032389568,0.015301278829508014,0.4183206106870229,11.081164460906093,1.0,0.013920442105760225,1.6542607789707309,0.9442971596649749,0.2592242194891201,0.3955003874164308,0.4118230272370026,1,2
"frozenset({'JUMBO SHOPPER VINTAGE RED PAISLEY', 'JUMBO BAG RED RETROSPOT'})",frozenset({'JUMBO BAG SCANDINAVIAN BLUE PAISLEY'}),0.03775060032389568,0.036577874574188866,0.015301278829508014,0.40532544378698226,11.081164460906093,1.0,0.013920442105760225,1.6200829770841998,0.9454480064151904,0.2592242194891201,0.38274766530799276,0.4118230272370026,2,1
"frozenset({'JUMBO SHOPPER VINTAGE RED PAISLEY', 'JUMBO STORAGE BAG SUKI'})",frozenset({'JUMBO BAG WOODLAND ANIMALS'}),0.029038923326073603,0.047635003071424584,0.015301278829508014,0.5269230769230769,11.061678239696997,1.0,0.013918009627679636,2.0131292618002408,0.9368015116588072,0.24931756141947223,0.5032609087874714,0.4240711515916674,2,1
frozenset({'JUMBO BAG WOODLAND ANIMALS'}),"frozenset({'JUMBO SHOPPER VINTAGE RED PAISLEY', 'JUMBO STORAGE BAG SUKI'})",0.047635003071424584,0.029038923326073603,0.015301278829508014,0.3212192262602579,11.061678239696995,1.0,0.013918009627679636,1.4304487019047654,0.95509369550907,0.24931756141947223,0.300918656734482,0.4240711515916674,1,2
frozenset({'LOVE BUILDING BLOCK WORD'}),frozenset({'HOME BUILDING BLOCK WORD'}),0.03456748757469146,0.04260903557268107,0.01619478416261797,0.4684975767366721,10.995263573556471,1.0,0.014721896854889732,1.801291814530427,0.9416005122149708,0.2655677655677656,0.44484286669526285,0.42428810684802154,1,1
frozenset({'HOME BUILDING BLOCK WORD'}),frozenset({'LOVE BUILDING BLOCK WORD'}),0.04260903557268107,0.03456748757469146,0.01619478416261797,0.38007863695937094,10.995263573556471,1.0,0.014721896854889732,1.5573467378023478,0.9495094292564403,0.2655677655677656,0.35788223924291157,0.42428810684802154,1,1
frozenset({'ALARM CLOCK BAKELIKE IVORY'}),frozenset({'ALARM CLOCK BAKELIKE GREEN'}),0.031216842575529122,0.05372200815323616,0.018428547495392862,0.590339892665474,10.988790496840586,1.0,0.016751516024031996,2.3099100324993054,0.9382885809909098,0.27707808564231734,0.5670827062827173,0.4666876178504085,1,1
frozenset({'ALARM CLOCK BAKELIKE GREEN'}),frozenset({'ALARM CLOCK BAKELIKE IVORY'}),0.05372200815323616,0.031216842575529122,0.018428547495392862,0.343035343035343,10.988790496840585,1.0,0.016751516024031996,1.4746351225353496,0.9606037357940573,0.27707808564231734,0.3218661452463619,0.4666876178504085,1,1
frozenset({'JUMBO BAG SCANDINAVIAN BLUE PAISLEY'}),frozenset({'JUMBO BAG PINK VINTAGE PAISLEY'}),0.036577874574188866,0.047690847154743955,0.018931144245267213,0.517557251908397,10.852339238786492,1.0,0.017186714419704176,1.9739319465621605,0.9423221077527156,0.2897435897435897,0.4933969219447407,0.45725637771063876,1,1
frozenset({'JUMBO BAG PINK VINTAGE PAISLEY'}),frozenset({'JUMBO BAG SCANDINAVIAN BLUE PAISLEY'}),0.047690847154743955,0.036577874574188866,0.018931144245267213,0.3969555035128805,10.85233923878649,1.0,0.017186714419704176,1.5975970778905682,0.9533185365009001,0.2897435897435897,0.3740599467542981,0.45725637771063876,1,1
frozenset({'CHARLOTTE BAG APPLES DESIGN'}),frozenset({'WOODLAND CHARLOTTE BAG'}),0.03233372424191657,0.04601552465516279,0.016083095995979225,0.4974093264248704,10.809598068313294,1.0,0.014595242710932078,1.898134059191274,0.9378125961834411,0.25829596412556044,0.4731668213013027,0.4234619447658332,1,1
frozenset({'WOODLAND CHARLOTTE BAG'}),frozenset({'CHARLOTTE BAG APPLES DESIGN'}),0.04601552465516279,0.03233372424191657,0.016083095995979225,0.3495145631067961,10.809598068313294,1.0,0.014595242710932078,1.4876063642251132,0.9512624636578275,0.25829596412556044,0.3277791598311056,0.4234619447658332,1,1
"frozenset({'JUMBO SHOPPER VINTAGE RED PAISLEY', 'JUMBO BAG WOODLAND ANIMALS'})",frozenset({'JUMBO STORAGE BAG SUKI'}),0.02172334841123583,0.06578433015022059,0.015301278829508014,0.7043701799485862,10.7072638474867,1.0,0.013872222905655006,3.160086048448385,0.9267372954450188,0.21191028615622584,0.6835529208165062,0.4684839015192846,2,1
frozenset({'PAPER CHAIN KIT VINTAGE CHRISTMAS'}),"frozenset({""PAPER CHAIN KIT 50'S CHRISTMAS""})",0.04506617523873346,0.06343887865080694,0.03043502540905791,0.6753407682775713,10.645534452065554,1.0,0.0275760777868319,2.8847512401862554,0.9488237566393047,0.3898426323319027,0.6533496593850378,0.577547144702166,1,1
"frozenset({""PAPER CHAIN KIT 50'S CHRISTMAS""})",frozenset({'PAPER CHAIN KIT VINTAGE CHRISTMAS'}),0.06343887865080694,0.04506617523873346,0.03043502540905791,0.4797535211267606,10.645534452065554,1.0,0.0275760777868319,1.835541158931978,0.9674370185756431,0.3898426323319027,0.45520153817642706,0.577547144702166,1,1
frozenset({'WOODLAND CHARLOTTE BAG'}),frozenset({'RED RETROSPOT CHARLOTTE BAG'}),0.04601552465516279,0.05729602948567599,0.0280337298263249,0.6092233009708738,10.632906092091071,1.0,0.025397222968883845,2.41238531585032,0.9496510241886753,0.3724035608308605,0.5854725223911758,0.5492510267037605,1,1
frozenset({'RED RETROSPOT CHARLOTTE BAG'}),frozenset({'WOODLAND CHARLOTTE BAG'}),0.05729602948567599,0.04601552465516279,0.0280337298263249,0.4892787524366472,10.63290609209107,1.0,0.025397222968883845,1.86791616737367,0.9610146582675873,0.3724035608308605,0.4646440683652193,0.5492510267037605,1,1
frozenset({'CHARLOTTE BAG APPLES DESIGN'}),frozenset({'CHARLOTTE BAG SUKI DESIGN'}),0.03233372424191657,0.04869604065449266,0.016697380912492323,0.5164075993091537,10.604714312877311,1.0,0.015122856562296798,1.9671606873608884,0.9359655685155506,0.2595486111111111,0.4916531189215741,0.4296487537830172,1,1
frozenset({'CHARLOTTE BAG SUKI DESIGN'}),frozenset({'CHARLOTTE BAG APPLES DESIGN'}),0.04869604065449266,0.03233372424191657,0.016697380912492323,0.3428899082568807,10.60471431287731,1.0,0.015122856562296798,1.472609061886647,0.9520640664066602,0.2595486111111111,0.3209331479198963,0.4296487537830172,1,1
frozenset({'ALARM CLOCK BAKELIKE PINK'}),frozenset({'ALARM CLOCK BAKELIKE RED'}),0.042385659239403586,0.05729602948567599,0.02535321382699503,0.5981554677206851,10.439736803581196,1.0,0.022924683845444348,2.3459420118700716,0.9442341306418648,0.3410969196093163,0.5737320040562944,0.520325297213169,1,1
frozenset({'ALARM CLOCK BAKELIKE RED'}),frozenset({'ALARM CLOCK BAKELIKE PINK'}),0.05729602948567599,0.042385659239403586,0.02535321382699503,0.442495126705653,10.439736803581196,1.0,0.022924683845444348,1.7176788699656849,0.9591687028165806,0.3410969196093163,0.41781900127817406,0.520325297213169,1,1
frozenset({'LUNCH BAG VINTAGE LEAF DESIGN'}),frozenset({'LUNCH BAG ALPHABET DESIGN'}),0.03668956274082761,0.04037527223990618,0.015357122912827386,0.4185692541856926,10.36697044910539,1.0,0.013875771828803353,1.6504540474826745,0.937952885375494,0.24886877828054293,0.3941061239934356,0.39946443345522525,1,1
frozenset({'LUNCH BAG ALPHABET DESIGN'}),frozenset({'LUNCH BAG VINTAGE LEAF DESIGN'}),0.04037527223990618,0.03668956274082761,0.015357122912827386,0.38035961272475793,10.366970449105388,1.0,0.013875771828803353,1.554628227987459,0.9415553580497714,0.24886877828054293,0.35675939623549213,0.39946443345522525,1,1
frozenset({'COOK WITH WINE METAL SIGN'}),frozenset({'GIN + TONIC DIET METAL SIGN'}),0.0389233260736025,0.04149215390629363,0.016529848662534204,0.4246771879483501,10.23512032919395,1.0,0.014914836026543438,1.6660348347314549,0.9388399657647188,0.2587412587412588,0.3997724542409173,0.41153105696206194,1,1
frozenset({'GIN + TONIC DIET METAL SIGN'}),frozenset({'COOK WITH WINE METAL SIGN'}),0.04149215390629363,0.0389233260736025,0.016529848662534204,0.39838492597577385,10.235120329193949,1.0,0.014914836026543438,1.597494337197569,0.9413560831281059,0.2587412587412588,0.37401969026427556,0.41153105696206194,1,1
frozenset({'CHARLOTTE BAG SUKI DESIGN'}),frozenset({'RED RETROSPOT CHARLOTTE BAG'}),0.04869604065449266,0.05729602948567599,0.02820126207628302,0.5791284403669725,10.107653978217717,1.0,0.02541117229510753,2.239885183347386,0.9471894497932328,0.36252692031586503,0.5535485446153294,0.5356655847059034,1,1
frozenset({'RED RETROSPOT CHARLOTTE BAG'}),frozenset({'CHARLOTTE BAG SUKI DESIGN'}),0.05729602948567599,0.04869604065449266,0.02820126207628302,0.49220272904483436,10.107653978217716,1.0,0.02541117229510753,1.8733932097667765,0.9558303582268659,0.36252692031586503,0.4662092321107043,0.5356655847059034,1,1
frozenset({'ALARM CLOCK BAKELIKE GREEN'}),frozenset({'ALARM CLOCK BAKELIKE PINK'}),0.05372200815323616,0.042385659239403586,0.022951918244262022,0.4272349272349273,10.07970466666119,1.0,0.020674875513022495,1.671914692943183,0.9519303543236707,0.31374045801526723,0.4018833591086916,0.4843684517597561,1,1
frozenset({'ALARM CLOCK BAKELIKE PINK'}),frozenset({'ALARM CLOCK BAKELIKE GREEN'}),0.042385659239403586,0.05372200815323616,0.022951918244262022,0.541501976284585,10.079704666661188,1.0,0.020674875513022495,2.0638649304933727,0.9406612930962561,0.31374045801526723,0.5154721681515528,0.4843684517597561,1,1
frozenset({'JUMBO STORAGE BAG SUKI'}),"frozenset({'JUMBO SHOPPER VINTAGE RED PAISLEY', 'JUMBO BAG PINK POLKADOT'})",0.06578433015022059,0.02607918691014687,0.017199977662366674,0.2614601018675722,10.025623220862132,1.0,0.01548437582062026,1.3187111699078702,0.9636485518187949,0.2303664921465969,0.2416838328063426,0.46049450489524224,1,2
"frozenset({'JUMBO SHOPPER VINTAGE RED PAISLEY', 'JUMBO BAG PINK POLKADOT'})",frozenset({'JUMBO STORAGE BAG SUKI'}),0.02607918691014687,0.06578433015022059,0.017199977662366674,0.6595289079229123,10.02562322086213,1.0,0.01548437582062026,2.7438913070430635,0.9243621917073752,0.2303664921465969,0.635554077002546,0.46049450489524224,2,1
"frozenset({'LUNCH BAG CARS BLUE', 'LUNCH BAG BLACK SKULL.'})",frozenset({'LUNCH BAG PINK POLKADOT'}),0.028927235159434857,0.05986485731836712,0.0171441335790473,0.5926640926640926,9.900033495649167,1.0,0.015412408773612878,2.3080094971994587,0.9257702134132121,0.2392829306313328,0.5667262196219724,0.43952234483950897,2,1
frozenset({'LUNCH BAG PINK POLKADOT'}),"frozenset({'LUNCH BAG CARS BLUE', 'LUNCH BAG BLACK SKULL.'})",0.05986485731836712,0.028927235159434857,0.0171441335790473,0.28638059701492535,9.900033495649167,1.0,0.015412408773612878,1.3607712469399815,0.9562351197530351,0.2392829306313328,0.26512262641591056,0.43952234483950897,1,2
"frozenset({'JUMBO BAG PINK POLKADOT', 'JUMBO BAG WOODLAND ANIMALS'})",frozenset({'JUMBO STORAGE BAG SUKI'}),0.023845423577371978,0.06578433015022059,0.015524655162785502,0.6510538641686182,9.896792483588664,1.0,0.01395599994559981,2.6772489330594347,0.9209168134599872,0.20949510173323285,0.626482249128307,0.44352353649857057,2,1
frozenset({'CHARLOTTE BAG APPLES DESIGN'}),frozenset({'RED RETROSPOT CHARLOTTE BAG'}),0.03233372424191657,0.05729602948567599,0.01831685932875412,0.5664939550949912,9.887141572988313,1.0,0.01646426531120755,2.1746039797920056,0.9288931068846701,0.2568519968676586,0.5401461556712285,0.4430910321283923,1,1
frozenset({'RED RETROSPOT CHARLOTTE BAG'}),frozenset({'CHARLOTTE BAG APPLES DESIGN'}),0.05729602948567599,0.03233372424191657,0.01831685932875412,0.31968810916179335,9.887141572988313,1.0,0.01646426531120755,1.4223862448822258,0.9534897077245164,0.2568519968676586,0.29695608095338377,0.4430910321283923,1,1
"frozenset({'LUNCH BAG RED RETROSPOT', 'LUNCH BAG SPACEBOY DESIGN'})",frozenset({'LUNCH BAG WOODLAND'}),0.03088177807561289,0.05584408331937231,0.016864913162450437,0.5461121157323688,9.77922965641953,1.0,0.015140348574545546,2.080152278583215,0.9263497851898945,0.24140687450039966,0.519265964181672,0.4240560578661844,2,1
frozenset({'LUNCH BAG WOODLAND'}),"frozenset({'LUNCH BAG RED RETROSPOT', 'LUNCH BAG SPACEBOY DESIGN'})",0.05584408331937231,0.03088177807561289,0.016864913162450437,0.302,9.77922965641953,1.0,0.015140348574545546,1.3884215213816435,0.950841318518095,0.24140687450039966,0.27975763512734814,0.4240560578661844,1,2
frozenset({'HAND OVER THE CHOCOLATE SIGN'}),frozenset({'GIN + TONIC DIET METAL SIGN'}),0.0375272239906182,0.04149215390629363,0.01518959066286927,0.4047619047619047,9.75514324168429,1.0,0.013632505309374585,1.6102931814374266,0.9324834894793427,0.23797025371828517,0.37899507274361616,0.3854226751265782,1,1
frozenset({'GIN + TONIC DIET METAL SIGN'}),frozenset({'HAND OVER THE CHOCOLATE SIGN'}),0.04149215390629363,0.0375272239906182,0.01518959066286927,0.36608344549125166,9.75514324168429,1.0,0.013632505309374585,1.5182956954882603,0.9363407679548165,0.23797025371828517,0.34136676869230304,0.3854226751265782,1,1
"frozenset({'LUNCH BAG CARS BLUE', 'LUNCH BAG RED RETROSPOT'})",frozenset({'LUNCH BAG PINK POLKADOT'}),0.03043502540905791,0.05986485731836712,0.01764673032892165,0.5798165137614679,9.685423798438999,1.0,0.01582474187532752,2.2374395317095632,0.9249014652981412,0.24289008455034586,0.5530605471889876,0.4372963165822265,2,1
frozenset({'LUNCH BAG PINK POLKADOT'}),"frozenset({'LUNCH BAG CARS BLUE', 'LUNCH BAG RED RETROSPOT'})",0.05986485731836712,0.03043502540905791,0.01764673032892165,0.2947761194029851,9.685423798438999,1.0,0.01582474187532752,1.3748328740231348,0.9538544247405006,0.24289008455034586,0.2726388647707208,0.4372963165822265,1,2
frozenset({'LUNCH BAG VINTAGE LEAF DESIGN'}),frozenset({'LUNCH BAG APPLE DESIGN'}),0.03668956274082761,0.05701680906907913,0.019992181828335287,0.5449010654490106,9.556849538683089,1.0,0.017900260034713518,2.0720399880990468,0.9294646587320863,0.27121212121212124,0.5173838315169628,0.44776884810158657,1,1
frozenset({'LUNCH BAG APPLE DESIGN'}),frozenset({'LUNCH BAG VINTAGE LEAF DESIGN'}),0.05701680906907913,0.03668956274082761,0.019992181828335287,0.35063663075416257,9.556849538683089,1.0,0.017900260034713518,1.4834690142407467,0.9495004952699568,0.27121212121212124,0.3259043563428863,0.44776884810158657,1,1
"frozenset({'JUMBO BAG RED RETROSPOT', 'JUMBO STORAGE BAG SUKI'})",frozenset({'JUMBO BAG WOODLAND ANIMALS'}),0.04026358407326744,0.047635003071424584,0.018261015245434747,0.45353675450762826,9.521081668192378,1.0,0.016343059294438092,1.7427796009784338,0.9325163679561382,0.26222935044105855,0.42620397929917314,0.4184448133616687,2,1
frozenset({'JUMBO BAG WOODLAND ANIMALS'}),"frozenset({'JUMBO BAG RED RETROSPOT', 'JUMBO STORAGE BAG SUKI'})",0.047635003071424584,0.04026358407326744,0.018261015245434747,0.38335287221570924,9.521081668192378,1.0,0.016343059294438092,1.55637863647434,0.939734156191755,0.26222935044105855,0.3574828280441467,0.4184448133616687,1,2
"frozenset({'JUMBO BAG SCANDINAVIAN BLUE PAISLEY', 'JUMBO BAG RED RETROSPOT'})",frozenset({'JUMBO SHOPPER VINTAGE RED PAISLEY'}),0.024738928910481933,0.06505835706706875,0.015301278829508014,0.618510158013544,9.507005493174706,1.0,0.01369180475899305,2.450764188279814,0.9175126892945153,0.20539730134932535,0.5919640066627961,0.42685164553037713,2,1
"frozenset({'JUMBO BAG RED RETROSPOT', 'JUMBO BAG WOODLAND ANIMALS'})",frozenset({'JUMBO BAG PINK POLKADOT'}),0.029764896409225444,0.06751549673312113,0.018931144245267213,0.6360225140712945,9.42039301858947,1.0,0.016921552478988463,2.5619290734084865,0.9212687863362098,0.24162508909479682,0.6096691316010703,0.45820976820190035,2,1
frozenset({'JUMBO BAG PINK POLKADOT'}),"frozenset({'JUMBO BAG RED RETROSPOT', 'JUMBO BAG WOODLAND ANIMALS'})",0.06751549673312113,0.029764896409225444,0.018931144245267213,0.2803970223325062,9.42039301858947,1.0,0.016921552478988463,1.3482922301623523,0.9585653308064024,0.24162508909479682,0.25832102445655514,0.45820976820190035,1,2
"frozenset({'JUMBO STORAGE BAG SUKI', 'JUMBO BAG WOODLAND ANIMALS'})",frozenset({'JUMBO SHOPPER VINTAGE RED PAISLEY'}),0.025018149327078795,0.06505835706706875,0.015301278829508014,0.6116071428571429,9.400900521152668,1.0,0.013673639137429677,2.407206069160651,0.9165577914973266,0.2046303211351755,0.5845806419270612,0.42340013795217657,2,1
"frozenset({'LUNCH BAG RED RETROSPOT', 'LUNCH BAG BLACK SKULL.'})",frozenset({'LUNCH BAG PINK POLKADOT'}),0.0352934606578433,0.05986485731836712,0.019768805495057797,0.560126582278481,9.356517452295485,1.0,0.017655967508504605,2.1372856481107627,0.9257972152043628,0.26222222222222225,0.5321168226231517,0.44517523143774795,2,1
frozenset({'LUNCH BAG PINK POLKADOT'}),"frozenset({'LUNCH BAG RED RETROSPOT', 'LUNCH BAG BLACK SKULL.'})",0.05986485731836712,0.0352934606578433,0.019768805495057797,0.3302238805970149,9.356517452295485,1.0,0.017655967508504605,1.4403417969008243,0.9499938754176043,0.26222222222222225,0.30572034905069445,0.44517523143774795,1,2
"frozenset({'JUMBO BAG RED RETROSPOT', 'JUMBO BAG WOODLAND ANIMALS'})",frozenset({'JUMBO STORAGE BAG SUKI'}),0.029764896409225444,0.06578433015022059,0.018261015245434747,0.6135084427767354,9.326057457387947,1.0,0.016302951473163144,2.4171696700482155,0.9201620826789934,0.23627167630057805,0.5862930052485505,0.44554878845118606,2,1
frozenset({'JUMBO STORAGE BAG SUKI'}),"frozenset({'JUMBO BAG RED RETROSPOT', 'JUMBO BAG WOODLAND ANIMALS'})",0.06578433015022059,0.029764896409225444,0.018261015245434747,0.2775891341256367,9.326057457387947,1.0,0.016302951473163144,1.3430516475087337,0.9556396691054354,0.23627167630057805,0.2554269957861043,0.44554878845118606,1,2
"frozenset({'JUMBO SHOPPER VINTAGE RED PAISLEY', 'JUMBO BAG RED RETROSPOT'})",frozenset({'JUMBO BAG WOODLAND ANIMALS'}),0.03775060032389568,0.047635003071424584,0.016585692745853576,0.4393491124260355,9.223240980320067,1.0,0.014787442783476682,1.698677408769702,0.926556298676315,0.24107142857142855,0.4113067055361216,0.3937659981825371,2,1
frozenset({'JUMBO BAG WOODLAND ANIMALS'}),"frozenset({'JUMBO SHOPPER VINTAGE RED PAISLEY', 'JUMBO BAG RED RETROSPOT'})",0.047635003071424584,0.03775060032389568,0.016585692745853576,0.3481828839390387,9.223240980320067,1.0,0.014787442783476682,1.476256722884383,0.9361728381899602,0.24107142857142855,0.3226110442050006,0.3937659981825371,1,2
frozenset({'WOODEN FRAME ANTIQUE WHITE'}),frozenset({'WOODEN PICTURE FRAME WHITE FINISH'}),0.05338694365331993,0.06087005081811582,0.02993242865918356,0.5606694560669455,9.21092472457871,1.0,0.02668276268598209,2.13763864623305,0.9417081896282261,0.3549668874172185,0.5321940863287622,0.5262062876665002,1,1
frozenset({'WOODEN PICTURE FRAME WHITE FINISH'}),frozenset({'WOODEN FRAME ANTIQUE WHITE'}),0.06087005081811582,0.05338694365331993,0.02993242865918356,0.491743119266055,9.21092472457871,1.0,0.02668276268598209,1.8624697318012298,0.9492118405415984,0.3549668874172185,0.46307852260617355,0.5262062876665002,1,1
"frozenset({'JUMBO BAG PINK POLKADOT', 'JUMBO STORAGE BAG SUKI'})",frozenset({'JUMBO SHOPPER VINTAGE RED PAISLEY'}),0.028703858826157367,0.06505835706706875,0.017199977662366674,0.5992217898832686,9.210527546300163,1.0,0.015332551765651795,2.332815555667606,0.9177721892894665,0.22465353756382203,0.5713334483000652,0.43179973614335104,2,1
frozenset({'JUMBO SHOPPER VINTAGE RED PAISLEY'}),"frozenset({'JUMBO BAG PINK POLKADOT', 'JUMBO STORAGE BAG SUKI'})",0.06505835706706875,0.028703858826157367,0.017199977662366674,0.2643776824034335,9.210527546300163,1.0,0.015332551765651795,1.320373400778911,0.9534590663189397,0.22465353756382203,0.2426384843786744,0.43179973614335104,1,2
"frozenset({'JUMBO STORAGE BAG SUKI', 'JUMBO BAG WOODLAND ANIMALS'})",frozenset({'JUMBO BAG PINK POLKADOT'}),0.025018149327078795,0.06751549673312113,0.015524655162785502,0.6205357142857143,9.191011609358384,1.0,0.013835542383624378,2.4573709262562455,0.9140662955058945,0.20159535895576502,0.5930610274113238,0.42523890759777855,2,1
frozenset({'JUMBO BAG OWLS'}),frozenset({'JUMBO BAG WOODLAND ANIMALS'}),0.03585190149103702,0.047635003071424584,0.01563634332942425,0.4361370716510904,9.1558107175335,1.0,0.013928537891782288,1.6890009061550981,0.9239034380042199,0.23045267489711938,0.4079340062188387,0.3821951477833412,1,1
frozenset({'JUMBO BAG WOODLAND ANIMALS'}),frozenset({'JUMBO BAG OWLS'}),0.047635003071424584,0.03585190149103702,0.01563634332942425,0.32825322391559203,9.1558107175335,1.0,0.013928537891782288,1.4352850401887354,0.9353343999731943,0.23045267489711938,0.3032742821115845,0.3821951477833412,1,1
frozenset({'COOK WITH WINE METAL SIGN'}),frozenset({'PLEASE ONE PERSON METAL SIGN'}),0.0389233260736025,0.04562461607192718,0.01619478416261797,0.4160688665710187,9.119394361918276,1.0,0.014418922354267425,1.6343971562601152,0.9264022520988199,0.23692810457516336,0.38815360992903636,0.385513013456868,1,1
frozenset({'PLEASE ONE PERSON METAL SIGN'}),frozenset({'COOK WITH WINE METAL SIGN'}),0.04562461607192718,0.0389233260736025,0.01619478416261797,0.3549571603427173,9.119394361918276,1.0,0.014418922354267425,1.489942395821379,0.9329071245535804,0.23692810457516336,0.3288331127400952,0.385513013456868,1,1
"frozenset({'LUNCH BAG PINK POLKADOT', 'LUNCH BAG BLACK SKULL.'})",frozenset({'LUNCH BAG CARS BLUE'}),0.029876584575864187,0.06315965823421009,0.0171441335790473,0.5738317757009346,9.085416098564664,1.0,0.015257138708030244,2.198287644055691,0.9173404955070159,0.22590139808682852,0.545100477317396,0.42263648908830986,2,1
frozenset({'LUNCH BAG CARS BLUE'}),"frozenset({'LUNCH BAG PINK POLKADOT', 'LUNCH BAG BLACK SKULL.'})",0.06315965823421009,0.029876584575864187,0.0171441335790473,0.2714412024756852,9.085416098564663,1.0,0.015257138708030244,1.3315650277241475,0.9499307992338986,0.22590139808682852,0.24900400718006535,0.42263648908830986,1,2
"frozenset({'LUNCH BAG RED RETROSPOT', 'LUNCH BAG WOODLAND'})",frozenset({'LUNCH BAG SPACEBOY DESIGN'}),0.029038923326073603,0.06405316356732005,0.016864913162450437,0.5807692307692307,9.066987458922942,1.0,0.01500487825682658,2.2325337382797867,0.9163186928499903,0.2212454212454212,0.5520784376721131,0.42203239219368244,2,1
frozenset({'LUNCH BAG SPACEBOY DESIGN'}),"frozenset({'LUNCH BAG RED RETROSPOT', 'LUNCH BAG WOODLAND'})",0.06405316356732005,0.029038923326073603,0.016864913162450437,0.26329555361813417,9.06698745892294,1.0,0.01500487825682658,1.3179791182780987,0.950598634402314,0.2212454212454212,0.2412626375245832,0.42203239219368244,1,2
frozenset({'60 TEATIME FAIRY CAKE CASES'}),frozenset({'PACK OF 60 PINK PAISLEY CAKE CASES'}),0.044563578488859105,0.04696487407159212,0.01887530016194784,0.4235588972431078,9.01863159682798,1.0,0.01678237731003906,1.6533087619366729,0.9305888004548627,0.2598001537279016,0.39515230123827094,0.4127306971352281,1,1
frozenset({'PACK OF 60 PINK PAISLEY CAKE CASES'}),frozenset({'60 TEATIME FAIRY CAKE CASES'}),0.04696487407159212,0.044563578488859105,0.01887530016194784,0.40190249702734837,9.018631596827978,1.0,0.01678237731003906,1.597459305150834,0.9329335396098821,0.2598001537279016,0.37400596260849417,0.4127306971352281,1,1
"frozenset({'LUNCH BAG RED RETROSPOT', 'LUNCH BAG WOODLAND'})",frozenset({'LUNCH BAG PINK POLKADOT'}),0.029038923326073603,0.05986485731836712,0.01563634332942425,0.5384615384615385,8.99461825487945,1.0,0.01389793232782985,2.036959475810205,0.9154047769680139,0.2134146341463415,0.5090722167645245,0.3998277841561424,2,1
frozenset({'LUNCH BAG PINK POLKADOT'}),"frozenset({'LUNCH BAG RED RETROSPOT', 'LUNCH BAG WOODLAND'})",0.05986485731836712,0.029038923326073603,0.01563634332942425,0.2611940298507463,8.99461825487945,1.0,0.01389793232782985,1.3142301441849105,0.9454198311341169,0.2134146341463415,0.23909826264089917,0.3998277841561424,1,2
"frozenset({'LUNCH BAG CARS BLUE', 'LUNCH BAG RED RETROSPOT'})",frozenset({'LUNCH BAG WOODLAND'}),0.03043502540905791,0.05584408331937231,0.01524543474618864,0.5009174311926605,8.969928440366973,1.0,0.013545818651417997,1.89178299481964,0.9164072689588184,0.21462264150943394,0.4713981451686859,0.38695871559633027,2,1
frozenset({'LUNCH BAG WOODLAND'}),"frozenset({'LUNCH BAG CARS BLUE', 'LUNCH BAG RED RETROSPOT'})",0.05584408331937231,0.03043502540905791,0.01524543474618864,0.273,8.969928440366973,1.0,0.013545818651417997,1.3336519595473757,0.9410695572048857,0.21462264150943394,0.25017918442575743,0.38695871559633027,1,2
frozenset({'JUMBO BAG SPACEBOY DESIGN'}),frozenset({'JUMBO BAG WOODLAND ANIMALS'}),0.0379181325738538,0.047635003071424584,0.01619478416261797,0.427098674521355,8.966067953873276,1.0,0.014388553800999761,1.662354326258362,0.9234852245342385,0.23349436392914652,0.3984435302365371,0.38353761393125196,1,1
frozenset({'JUMBO BAG WOODLAND ANIMALS'}),frozenset({'JUMBO BAG SPACEBOY DESIGN'}),0.047635003071424584,0.0379181325738538,0.01619478416261797,0.3399765533411489,8.966067953873274,1.0,0.014388553800999761,1.4576480158339304,0.9329074380365815,0.23349436392914652,0.31396332369862745,0.38353761393125196,1,1
"frozenset({'JUMBO SHOPPER VINTAGE RED PAISLEY', 'JUMBO BAG RED RETROSPOT'})",frozenset({'JUMBO BAG PINK VINTAGE PAISLEY'}),0.03775060032389568,0.047690847154743955,0.0161389400792986,0.42751479289940836,8.964294375233846,1.0,0.014338581969251862,1.6634650835229796,0.9233015091694196,0.23287671232876717,0.39884521177796894,0.3829611435223037,2,1
frozenset({'JUMBO BAG PINK VINTAGE PAISLEY'}),"frozenset({'JUMBO SHOPPER VINTAGE RED PAISLEY', 'JUMBO BAG RED RETROSPOT'})",0.047690847154743955,0.03775060032389568,0.0161389400792986,0.3384074941451991,8.964294375233846,1.0,0.014338581969251862,1.4544442253511383,0.9329389728785709,0.23287671232876717,0.3124521500585039,0.3829611435223037,1,2
"frozenset({'JUMBO SHOPPER VINTAGE RED PAISLEY', 'JUMBO BAG RED RETROSPOT'})",frozenset({'JUMBO BAG BAROQUE BLACK WHITE'}),0.03775060032389568,0.051320712570503156,0.017311665829005417,0.45857988165680474,8.93557120873602,1.0,0.015374278120418822,1.7522054598424586,0.9229288547834829,0.24124513618677043,0.4292906722879917,0.39795152951175383,2,1
frozenset({'JUMBO BAG BAROQUE BLACK WHITE'}),"frozenset({'JUMBO SHOPPER VINTAGE RED PAISLEY', 'JUMBO BAG RED RETROSPOT'})",0.051320712570503156,0.03775060032389568,0.017311665829005417,0.3373231773667029,8.93557120873602,1.0,0.015374278120418822,1.4520643650284726,0.9361306273118787,0.24124513618677043,0.31132529377897683,0.39795152951175383,1,2
frozenset({'LUNCH BAG DOLLY GIRL DESIGN'}),frozenset({'LUNCH BAG SPACEBOY DESIGN'}),0.03741553582397945,0.06405316356732005,0.021388283911319597,0.5716417910447762,8.924489583468882,1.0,0.01899170047522732,2.184962997943887,0.9224632299423898,0.26708507670850773,0.5423263455989742,0.4527781753828938,1,1
frozenset({'LUNCH BAG SPACEBOY DESIGN'}),frozenset({'LUNCH BAG DOLLY GIRL DESIGN'}),0.06405316356732005,0.03741553582397945,0.021388283911319597,0.3339145597210113,8.92448958346888,1.0,0.01899170047522732,1.4451366235731617,0.948717105878101,0.26708507670850773,0.3080239032850351,0.4527781753828938,1,1
"frozenset({'LUNCH BAG SPACEBOY DESIGN', 'LUNCH BAG SUKI DESIGN'})",frozenset({'LUNCH BAG CARS BLUE'}),0.029541520075947954,0.06315965823421009,0.016585692745853576,0.5614366729678639,8.889165785000475,1.0,0.014719860434137647,2.1361575034228575,0.914519809674603,0.21790168745414523,0.5318697247756043,0.41201807123194256,2,1
frozenset({'LUNCH BAG CARS BLUE'}),"frozenset({'LUNCH BAG SPACEBOY DESIGN', 'LUNCH BAG SUKI DESIGN'})",0.06315965823421009,0.029541520075947954,0.016585692745853576,0.2625994694960212,8.889165785000475,1.0,0.014719860434137647,1.3160534062279412,0.9473369845329789,0.21790168745414523,0.24015241686415303,0.41201807123194256,1,2
frozenset({'LUNCH BAG ALPHABET DESIGN'}),frozenset({'LUNCH BAG APPLE DESIGN'}),0.04037527223990618,0.05701680906907913,0.020438934494890267,0.5062240663900415,8.878505736382442,1.0,0.018136865306475444,1.9097390673474952,0.9247035938883292,0.2656023222060958,0.4763682551727154,0.43234807629002564,1,1
frozenset({'LUNCH BAG APPLE DESIGN'}),frozenset({'LUNCH BAG ALPHABET DESIGN'}),0.05701680906907913,0.04037527223990618,0.020438934494890267,0.3584720861900098,8.878505736382442,1.0,0.018136865306475444,1.4958425145695509,0.9410225368575772,0.2656023222060958,0.331480426408549,0.43234807629002564,1,1
"frozenset({'LUNCH BAG CARS BLUE', 'LUNCH BAG PINK POLKADOT'})",frozenset({'LUNCH BAG BLACK SKULL.'}),0.027698665326408668,0.07025185681577037,0.0171441335790473,0.6189516129032256,8.810466241858554,1.0,0.015198250908548493,2.43997396306549,0.9117529690784795,0.2121630960608155,0.5901595610702182,0.4314948843530436,2,1
"frozenset({'LUNCH BAG SPACEBOY DESIGN', 'LUNCH BAG BLACK SKULL.'})",frozenset({'LUNCH BAG CARS BLUE'}),0.028312950242921762,0.06315965823421009,0.015748031496062992,0.5562130177514792,8.806460220049281,1.0,0.013959795235117858,2.1110135701122466,0.9122762289068231,0.20796460176991152,0.5262939025319349,0.4027749438890022,2,1
"frozenset({'LUNCH BAG PINK POLKADOT', 'LUNCH BAG SUKI DESIGN'})",frozenset({'LUNCH BAG BLACK SKULL.'}),0.025967498743508125,0.07025185681577037,0.016027251912659853,0.6172043010752688,8.785594133032463,1.0,0.014202986909067223,2.42883644146442,0.9098026031122761,0.1998607242339833,0.588280222196819,0.4226721028428808,2,1
"frozenset({'JUMBO SHOPPER VINTAGE RED PAISLEY', 'JUMBO STORAGE BAG SUKI'})",frozenset({'JUMBO BAG PINK POLKADOT'}),0.029038923326073603,0.06751549673312113,0.017199977662366674,0.5923076923076924,8.772914678373738,1.0,0.015239400329411797,2.2872261400885714,0.9125111387146241,0.2167487684729064,0.5627891870974876,0.4235318444995865,2,1
frozenset({'JUMBO BAG PINK POLKADOT'}),"frozenset({'JUMBO SHOPPER VINTAGE RED PAISLEY', 'JUMBO STORAGE BAG SUKI'})",0.06751549673312113,0.029038923326073603,0.017199977662366674,0.2547559966914806,8.772914678373736,1.0,0.015239400329411797,1.3028767388443696,0.9501635626321216,0.2167487684729064,0.23246768463532194,0.4235318444995865,1,2
"frozenset({'LUNCH BAG CARS BLUE', 'LUNCH BAG SPACEBOY DESIGN'})",frozenset({'LUNCH BAG SUKI DESIGN'}),0.026693471826659966,0.07108951806556095,0.016585692745853576,0.6213389121338913,8.74023244271924,1.0,0.01468806669819969,2.453144808644541,0.9098742700785273,0.2042640990371389,0.5923599795347836,0.42732303030103835,2,1
"frozenset({'JUMBO SHOPPER VINTAGE RED PAISLEY', 'JUMBO BAG RED RETROSPOT'})",frozenset({'JUMBO STORAGE BAG SUKI'}),0.03775060032389568,0.06578433015022059,0.02166750432791646,0.5739644970414202,8.72494248601079,1.0,0.01918410637284028,2.1928117806196212,0.9201211913076826,0.2646657571623465,0.5439645076526218,0.45166815683989514,2,1
frozenset({'JUMBO STORAGE BAG SUKI'}),"frozenset({'JUMBO SHOPPER VINTAGE RED PAISLEY', 'JUMBO BAG RED RETROSPOT'})",0.06578433015022059,0.03775060032389568,0.02166750432791646,0.3293718166383701,8.72494248601079,1.0,0.01918410637284028,1.4348478390106973,0.947731977250444,0.2646657571623465,0.30306198830847275,0.45166815683989514,1,2
"frozenset({'LUNCH BAG CARS BLUE', 'LUNCH BAG SUKI DESIGN'})",frozenset({'LUNCH BAG SPACEBOY DESIGN'}),0.02970905232590607,0.06405316356732005,0.016585692745853576,0.5582706766917294,8.71573932652031,1.0,0.014682733957792245,2.1188243275837695,0.9123707094930116,0.21490593342981185,0.5280401555798805,0.4086035162011393,2,1
frozenset({'LUNCH BAG SPACEBOY DESIGN'}),"frozenset({'LUNCH BAG CARS BLUE', 'LUNCH BAG SUKI DESIGN'})",0.06405316356732005,0.02970905232590607,0.016585692745853576,0.25893635571054924,8.71573932652031,1.0,0.014682733957792245,1.309322019979042,0.9458497062912338,0.21490593342981185,0.23624594657316864,0.4086035162011393,1,2
"frozenset({'JUMBO BAG PINK POLKADOT', 'JUMBO BAG RED RETROSPOT'})",frozenset({'JUMBO BAG WOODLAND ANIMALS'}),0.04573630423856592,0.047635003071424584,0.018931144245267213,0.4139194139194139,8.689396184120685,1.0,0.016752495252387516,1.6249727760093817,0.9273298448841603,0.25431357839459867,0.38460507476574085,0.40567014072289564,2,1
frozenset({'JUMBO BAG WOODLAND ANIMALS'}),"frozenset({'JUMBO BAG PINK POLKADOT', 'JUMBO BAG RED RETROSPOT'})",0.047635003071424584,0.04573630423856592,0.018931144245267213,0.39742086752637745,8.689396184120685,1.0,0.016752495252387516,1.583632164366738,0.9291786319561705,0.25431357839459867,0.36854023143696396,0.40567014072289564,1,2
frozenset({'CHOCOLATE HOT WATER BOTTLE'}),frozenset({'SCOTTIE DOG HOT WATER BOTTLE'}),0.04635058915507902,0.042329815156084215,0.017032445412408555,0.3674698795180723,8.681112312045014,1.0,0.015070433541098459,1.5140309588960954,0.927812022113916,0.23772408417770854,0.339511524434668,0.3849222748513844,1,1
frozenset({'SCOTTIE DOG HOT WATER BOTTLE'}),frozenset({'CHOCOLATE HOT WATER BOTTLE'}),0.042329815156084215,0.04635058915507902,0.017032445412408555,0.4023746701846965,8.681112312045013,1.0,0.015070433541098459,1.5957312437537527,0.9239166074779488,0.23772408417770854,0.37332805639148336,0.3849222748513844,1,1
frozenset({'JUMBO STORAGE BAG SUKI'}),frozenset({'JUMBO BAG TOYS'}),0.06578433015022059,0.029150611492712347,0.016641536829172947,0.2529711375212224,8.678073102667682,1.0,0.014723883378655545,1.299614295069983,0.9470693699523514,0.21255349500713264,0.23054093526560426,0.4119261817874311,1,1
frozenset({'JUMBO BAG TOYS'}),frozenset({'JUMBO STORAGE BAG SUKI'}),0.029150611492712347,0.06578433015022059,0.016641536829172947,0.5708812260536398,8.67807310266768,1.0,0.014723883378655545,2.1770561592035036,0.911332958868731,0.21255349500713264,0.5406641230762465,0.4119261817874311,1,1
"frozenset({'JUMBO BAG PINK VINTAGE PAISLEY', 'JUMBO BAG RED RETROSPOT'})",frozenset({'JUMBO SHOPPER VINTAGE RED PAISLEY'}),0.028592170659518624,0.06505835706706875,0.0161389400792986,0.5644531250000001,8.676104814914163,1.0,0.01427878043120907,2.146592471666641,0.910782142185789,0.20821325648414987,0.5341453894024013,0.40626089726394854,2,1
"frozenset({'LUNCH BAG RED RETROSPOT', 'LUNCH BAG SPACEBOY DESIGN'})",frozenset({'LUNCH BAG PINK POLKADOT'}),0.03088177807561289,0.05986485731836712,0.016027251912659853,0.5189873417721519,8.66931560551672,1.0,0.01417851867442581,1.9544914808381315,0.9128407873913936,0.21449925261584454,0.4883579643073314,0.3933556111845834,2,1
frozenset({'LUNCH BAG PINK POLKADOT'}),"frozenset({'LUNCH BAG RED RETROSPOT', 'LUNCH BAG SPACEBOY DESIGN'})",0.05986485731836712,0.03088177807561289,0.016027251912659853,0.26772388059701496,8.66931560551672,1.0,0.01417851867442581,1.3234327820419658,0.9409824190311995,0.21449925261584454,0.24438927796765858,0.3933556111845834,1,2
frozenset({'LUNCH BAG SUKI DESIGN'}),"frozenset({'LUNCH BAG CARS BLUE', 'LUNCH BAG RED RETROSPOT'})",0.07108951806556095,0.03043502540905791,0.018651923828670352,0.2623723487824038,8.62073697182845,1.0,0.016488312540027323,1.3144368611866553,0.951653204352387,0.22506738544474392,0.2392179270617731,0.4376081927398257,1,2
"frozenset({'LUNCH BAG CARS BLUE', 'LUNCH BAG RED RETROSPOT'})",frozenset({'LUNCH BAG SUKI DESIGN'}),0.03043502540905791,0.07108951806556095,0.018651923828670352,0.6128440366972476,8.620736971828448,1.0,0.016488312540027323,2.399318543385162,0.9117497639210692,0.22506738544474392,0.5832149912911875,0.4376081927398257,2,1
"frozenset({'LUNCH BAG SPACEBOY DESIGN', 'LUNCH BAG BLACK SKULL.'})",frozenset({'LUNCH BAG SUKI DESIGN'}),0.028312950242921762,0.07108951806556095,0.017311665829005417,0.611439842209073,8.600984488953552,1.0,0.015298911841221901,2.39064778853178,0.9094844271412681,0.21088435374149664,0.5817033338005212,0.42747954404247834,2,1
frozenset({'CHARLOTTE BAG APPLES DESIGN'}),frozenset({'LUNCH BAG APPLE DESIGN'}),0.03233372424191657,0.05701680906907913,0.015803875579382363,0.4887737478411053,8.572450051508984,1.0,0.01396030979778875,1.844551579557443,0.9128635122304553,0.2148823082763857,0.4578628155034154,0.38297649194210015,1,1
frozenset({'LUNCH BAG APPLE DESIGN'}),frozenset({'CHARLOTTE BAG APPLES DESIGN'}),0.05701680906907913,0.03233372424191657,0.015803875579382363,0.27717923604309497,8.572450051508984,1.0,0.01396030979778875,1.338736134890248,0.9367581985034542,0.2148823082763857,0.2530268109316541,0.38297649194210015,1,1
"frozenset({'JUMBO STORAGE BAG SUKI', 'JUMBO BAG RED RETROSPOT'})",frozenset({'JUMBO BAG BAROQUE BLACK WHITE'}),0.04026358407326744,0.051320712570503156,0.017702574412241025,0.43966712898751736,8.56705035775786,1.0,0.01563621858695858,1.6930637778135327,0.9203294736637299,0.23960695389266815,0.40935479625497256,0.3923036406635084,2,1
frozenset({'JUMBO BAG BAROQUE BLACK WHITE'}),"frozenset({'JUMBO STORAGE BAG SUKI', 'JUMBO BAG RED RETROSPOT'})",0.051320712570503156,0.04026358407326744,0.017702574412241025,0.34494015233949954,8.56705035775786,1.0,0.01563621858695858,1.4651125684994473,0.931056176971089,0.23960695389266815,0.3174585888480984,0.3923036406635084,1,2
"frozenset({'JUMBO BAG RED RETROSPOT', 'JUMBO BAG WOODLAND ANIMALS'})",frozenset({'JUMBO SHOPPER VINTAGE RED PAISLEY'}),0.029764896409225444,0.06505835706706875,0.016585692745853576,0.5572232645403377,8.564975964054787,1.0,0.014649237487197875,2.1115419308612386,0.9103416653779265,0.21199143468950746,0.5264124356781643,0.40607944342896707,2,1
frozenset({'JUMBO SHOPPER VINTAGE RED PAISLEY'}),"frozenset({'JUMBO BAG RED RETROSPOT', 'JUMBO BAG WOODLAND ANIMALS'})",0.06505835706706875,0.029764896409225444,0.016585692745853576,0.25493562231759653,8.564975964054787,1.0,0.014649237487197875,1.3022164696811662,0.9447064923113185,0.21199143468950746,0.2320785189847589,0.40607944342896707,1,2
"frozenset({'LUNCH BAG SUKI DESIGN', 'LUNCH BAG BLACK SKULL.'})",frozenset({'LUNCH BAG CARS BLUE'}),0.03238956832523594,0.06315965823421009,0.01742335399564416,0.5379310344827585,8.517003567181924,1.0,0.015377639929868661,2.0274902918811866,0.9121313556876551,0.22301644031451032,0.5067793892753193,0.40689655172413786,2,1
frozenset({'LUNCH BAG CARS BLUE'}),"frozenset({'LUNCH BAG SUKI DESIGN', 'LUNCH BAG BLACK SKULL.'})",0.06315965823421009,0.03238956832523594,0.01742335399564416,0.2758620689655172,8.517003567181924,1.0,0.015377639929868661,1.3362239294556262,0.942089890319504,0.22301644031451032,0.2516224429483186,0.40689655172413786,1,2
"frozenset({'LUNCH BAG CARS BLUE', 'LUNCH BAG BLACK SKULL.'})",frozenset({'LUNCH BAG SPACEBOY DESIGN'}),0.028927235159434857,0.06405316356732005,0.015748031496062992,0.5444015444015444,8.499213997906239,1.0,0.01389515057084538,2.0543239884412214,0.9086261021783968,0.20390455531453364,0.5132218648925093,0.3951301531946693,2,1
"frozenset({'LUNCH BAG PINK POLKADOT', 'LUNCH BAG RED RETROSPOT'})",frozenset({'LUNCH BAG BLACK SKULL.'}),0.03311554140838778,0.07025185681577037,0.019768805495057797,0.596964586846543,8.497491936932468,1.0,0.017442377221659023,2.306864639783465,0.9125373868767576,0.23647294589178355,0.566511193264523,0.43918181647573573,2,1
frozenset({'LUNCH BAG BLACK SKULL.'}),"frozenset({'LUNCH BAG PINK POLKADOT', 'LUNCH BAG RED RETROSPOT'})",0.07025185681577037,0.03311554140838778,0.019768805495057797,0.28139904610492844,8.497491936932468,1.0,0.017442377221659023,1.3455095673763808,0.9489862644233396,0.23647294589178355,0.2567871502022036,0.43918181647573573,1,2
"frozenset({'LUNCH BAG RED RETROSPOT', 'LUNCH BAG SUKI DESIGN'})",frozenset({'LUNCH BAG WOODLAND'}),0.036298654157592,0.05584408331937231,0.017199977662366674,0.4738461538461539,8.48516307692308,1.0,0.015172912595209026,1.794448379656164,0.9153740736866426,0.2295081967213115,0.4427256803053811,0.390923076923077,2,1
frozenset({'LUNCH BAG WOODLAND'}),"frozenset({'LUNCH BAG RED RETROSPOT', 'LUNCH BAG SUKI DESIGN'})",0.05584408331937231,0.036298654157592,0.017199977662366674,0.30800000000000005,8.48516307692308,1.0,0.015172912595209026,1.3926320026624393,0.9343236759691483,0.2295081967213115,0.281935214695486,0.390923076923077,1,2
"frozenset({'JUMBO BAG PINK VINTAGE PAISLEY', 'JUMBO BAG RED RETROSPOT'})",frozenset({'JUMBO BAG PINK POLKADOT'}),0.028592170659518624,0.06751549673312113,0.016362316412576086,0.572265625,8.476063314205955,1.0,0.014431901807820514,2.180055094395626,0.907981874670745,0.20518207282913165,0.541295996339382,0.40730733690033083,2,1
"frozenset({'LUNCH BAG CARS BLUE', 'LUNCH BAG BLACK SKULL.'})",frozenset({'LUNCH BAG SUKI DESIGN'}),0.028927235159434857,0.07108951806556095,0.01742335399564416,0.6023166023166022,8.472649958902904,1.0,0.015366930789190787,2.3358040273885403,0.908246224034941,0.21095334685598371,0.571881892370049,0.4237034700506813,2,1
"frozenset({'JUMBO BAG RED RETROSPOT', 'JUMBO STORAGE BAG SUKI'})",frozenset({'JUMBO BAG PINK POLKADOT'}),0.04026358407326744,0.06751549673312113,0.023007762327581394,0.5714285714285714,8.463665366891172,1.0,0.020289346448618958,2.175797174289384,0.9188438263703015,0.27140974967061926,0.5403983368410246,0.456103036748198,2,1
frozenset({'JUMBO BAG PINK POLKADOT'}),"frozenset({'JUMBO BAG RED RETROSPOT', 'JUMBO STORAGE BAG SUKI'})",0.06751549673312113,0.04026358407326744,0.023007762327581394,0.34077750206782464,8.463665366891172,1.0,0.020289346448618958,1.4558611378361601,0.945697089471793,0.27140974967061926,0.31312130394091325,0.456103036748198,1,2
"frozenset({'LUNCH BAG PINK POLKADOT', 'LUNCH BAG RED RETROSPOT'})",frozenset({'LUNCH BAG WOODLAND'}),0.03311554140838778,0.05584408331937231,0.01563634332942425,0.4721753794266443,8.45524451939292,1.0,0.013787036275848118,1.7887682383118606,0.9119292397564317,0.21325209444021329,0.4409560844261501,0.3760876897133222,2,1
frozenset({'LUNCH BAG WOODLAND'}),"frozenset({'LUNCH BAG PINK POLKADOT', 'LUNCH BAG RED RETROSPOT'})",0.05584408331937231,0.03311554140838778,0.01563634332942425,0.28,8.455244519392918,1.0,0.013787036275848118,1.3428950813772391,0.9338819930882389,0.21325209444021329,0.2553401871318009,0.3760876897133222,1,2
"frozenset({'LUNCH BAG PINK POLKADOT', 'LUNCH BAG RED RETROSPOT'})",frozenset({'LUNCH BAG CARS BLUE'}),0.03311554140838778,0.06315965823421009,0.01764673032892165,0.5328836424957841,8.437088758772772,1.0,0.015555164051327045,2.0055823923000484,0.9116660184265898,0.22443181818181818,0.5013917135295665,0.40614120232658346,2,1
frozenset({'LUNCH BAG CARS BLUE'}),"frozenset({'LUNCH BAG PINK POLKADOT', 'LUNCH BAG RED RETROSPOT'})",0.06315965823421009,0.03311554140838778,0.01764673032892165,0.2793987621573828,8.437088758772772,1.0,0.015555164051327045,1.3417746290394028,0.940902804186813,0.22443181818181818,0.2547183570493389,0.40614120232658346,1,2
"frozenset({'LUNCH BAG RED RETROSPOT', 'LUNCH BAG SUKI DESIGN'})",frozenset({'LUNCH BAG PINK POLKADOT'}),0.036298654157592,0.05986485731836712,0.01831685932875412,0.5046153846153847,8.429242250287027,1.0,0.016143845576761122,1.8977883315001909,0.9145627719822428,0.23529411764705888,0.473070845993923,0.405292766934558,2,1
frozenset({'LUNCH BAG PINK POLKADOT'}),"frozenset({'LUNCH BAG RED RETROSPOT', 'LUNCH BAG SUKI DESIGN'})",0.05986485731836712,0.036298654157592,0.01831685932875412,0.30597014925373134,8.429242250287027,1.0,0.016143845576761122,1.3885589284180933,0.9374879570001522,0.23529411764705888,0.27982890784531306,0.405292766934558,1,2
"frozenset({'LUNCH BAG CARS BLUE', 'LUNCH BAG SPACEBOY DESIGN'})",frozenset({'LUNCH BAG BLACK SKULL.'}),0.026693471826659966,0.07025185681577037,0.015748031496062992,0.5899581589958159,8.397758945260792,1.0,0.013872765535380676,2.2674470022554174,0.9050803482741937,0.1939477303988996,0.5589753590688976,0.4070617504041083,2,1
"frozenset({'LUNCH BAG CARS BLUE', 'LUNCH BAG SUKI DESIGN'})",frozenset({'LUNCH BAG BLACK SKULL.'}),0.02970905232590607,0.07025185681577037,0.01742335399564416,0.5864661654135338,8.348052165389626,1.0,0.015336237905512378,2.2483000553364096,0.9071625161409335,0.21109607577807846,0.5552195101243408,0.41723944200724383,2,1
"frozenset({'LUNCH BAG SUKI DESIGN', 'LUNCH BAG BLACK SKULL.'})",frozenset({'LUNCH BAG SPACEBOY DESIGN'}),0.03238956832523594,0.06405316356732005,0.017311665829005417,0.5344827586206896,8.344361602982291,1.0,0.015237011511194191,2.0105524634479788,0.9096208229930167,0.2187720536344389,0.5026242696074397,0.40237651444547995,2,1
frozenset({'LUNCH BAG SPACEBOY DESIGN'}),"frozenset({'LUNCH BAG SUKI DESIGN', 'LUNCH BAG BLACK SKULL.'})",0.06405316356732005,0.03238956832523594,0.017311665829005417,0.27027027027027023,8.344361602982291,1.0,0.015237011511194191,1.3259846656283802,0.9403937947494034,0.2187720536344389,0.2458434656737883,0.40237651444547995,1,2
"frozenset({'LUNCH BAG SPACEBOY DESIGN', 'LUNCH BAG SUKI DESIGN'})",frozenset({'LUNCH BAG BLACK SKULL.'}),0.029541520075947954,0.07025185681577037,0.017311665829005417,0.5860113421550095,8.341577984077707,1.0,0.015236319190509716,2.2458299897007192,0.9069101088138877,0.2098849018280298,0.5547303203777857,0.41621711781836324,2,1
frozenset({'JUMBO STORAGE BAG SKULLS'}),frozenset({'JUMBO BAG WOODLAND ANIMALS'}),0.03909085832356062,0.047635003071424584,0.015524655162785502,0.3971428571428571,8.337206498074023,1.0,0.013662562006478068,1.5797523645734661,0.9158573995107394,0.21803921568627452,0.3669893950309101,0.36152570758666885,1,1
frozenset({'JUMBO BAG WOODLAND ANIMALS'}),frozenset({'JUMBO STORAGE BAG SKULLS'}),0.047635003071424584,0.03909085832356062,0.015524655162785502,0.32590855803048063,8.337206498074023,1.0,0.013662562006478068,1.4254878223478307,0.9240740162648817,0.21803921568627452,0.29848576443609093,0.36152570758666885,1,1
"frozenset({'LUNCH BAG RED RETROSPOT', 'LUNCH BAG WOODLAND'})",frozenset({'LUNCH BAG SUKI DESIGN'}),0.029038923326073603,0.07108951806556095,0.017199977662366674,0.5923076923076924,8.33185690978307,1.0,0.015135614597973326,2.2784596726693795,0.9062966136066729,0.20740740740740746,0.5611070004901917,0.41712792313734975,2,1
"frozenset({'LUNCH BAG CARS BLUE', 'LUNCH BAG RED RETROSPOT'})",frozenset({'LUNCH BAG BLACK SKULL.'}),0.03043502540905791,0.07025185681577037,0.017814262578879768,0.5853211009174313,8.33175274573008,1.0,0.0156761455316583,2.242091761218607,0.9076000662998032,0.21495956873315367,0.553987924447621,0.41944910371785715,2,1
frozenset({'LUNCH BAG BLACK SKULL.'}),"frozenset({'LUNCH BAG CARS BLUE', 'LUNCH BAG RED RETROSPOT'})",0.07025185681577037,0.03043502540905791,0.017814262578879768,0.25357710651828297,8.331752745730078,1.0,0.0156761455316583,1.2989486028066082,0.9464683975672522,0.21495956873315367,0.23014659868810583,0.41944910371785715,1,2
"frozenset({'LUNCH BAG RED RETROSPOT', 'LUNCH BAG SPACEBOY DESIGN'})",frozenset({'LUNCH BAG SUKI DESIGN'}),0.03088177807561289,0.07108951806556095,0.018261015245434747,0.5913200723327305,8.317964285359157,1.0,0.01606564452503182,2.2729535243794015,0.9078131613718153,0.21814543028685793,0.5600437979597335,0.42409679971703296,2,1
frozenset({'LUNCH BAG SUKI DESIGN'}),"frozenset({'LUNCH BAG RED RETROSPOT', 'LUNCH BAG SPACEBOY DESIGN'})",0.07108951806556095,0.03088177807561289,0.018261015245434747,0.25687352710133543,8.317964285359157,1.0,0.01606564452503182,1.304109404344339,0.9471077072530049,0.21814543028685793,0.233193168710592,0.42409679971703296,1,2
"frozenset({'LUNCH BAG RED RETROSPOT', 'LUNCH BAG WOODLAND'})",frozenset({'LUNCH BAG CARS BLUE'}),0.029038923326073603,0.06315965823421009,0.01524543474618864,0.525,8.312267904509284,1.0,0.0134113462734244,1.9722954563490314,0.9060053077422376,0.1981132075471698,0.49297657367668096,0.38318965517241377,2,1
"frozenset({'JUMBO BAG RED RETROSPOT', 'JUMBO BAG BAROQUE BLACK WHITE'})",frozenset({'JUMBO STORAGE BAG SUKI'}),0.03238956832523594,0.06578433015022059,0.017702574412241025,0.5465517241379311,8.308235759030502,1.0,0.015571848356110576,2.060247484839818,0.9090822860112014,0.21998612074947957,0.5146214193399445,0.407825946958609,2,1
frozenset({'JUMBO STORAGE BAG SUKI'}),"frozenset({'JUMBO BAG RED RETROSPOT', 'JUMBO BAG BAROQUE BLACK WHITE'})",0.06578433015022059,0.03238956832523594,0.017702574412241025,0.26910016977928697,8.308235759030502,1.0,0.015571848356110576,1.3238618914202929,0.941578622136176,0.21998612074947957,0.24463419750895665,0.407825946958609,1,2
"frozenset({'LUNCH BAG PINK POLKADOT', 'LUNCH BAG WOODLAND'})",frozenset({'LUNCH BAG RED RETROSPOT'}),0.02194672474451332,0.08599988831183336,0.01563634332942425,0.712468193384224,8.284524635669674,1.0,0.013748927452585553,3.1787791494995536,0.8990236382322713,0.16938898971566851,0.6854138167612451,0.4471431876012029,2,1
"frozenset({'LUNCH BAG CARS BLUE', 'LUNCH BAG RED RETROSPOT'})",frozenset({'LUNCH BAG SPACEBOY DESIGN'}),0.03043502540905791,0.06405316356732005,0.0161389400792986,0.5302752293577983,8.278673524071571,1.0,0.014189480418596672,1.9925430697492603,0.9068063770498273,0.20598717034925162,0.4981287906986929,0.39111843420810577,2,1
frozenset({'LUNCH BAG SPACEBOY DESIGN'}),"frozenset({'LUNCH BAG CARS BLUE', 'LUNCH BAG RED RETROSPOT'})",0.06405316356732005,0.03043502540905791,0.0161389400792986,0.25196163905841323,8.27867352407157,1.0,0.014189480418596672,1.2961433867783339,0.9393778232899225,0.20598717034925162,0.22848042107009597,0.39111843420810577,1,2
"frozenset({'LUNCH BAG RED RETROSPOT', 'LUNCH BAG SPACEBOY DESIGN'})",frozenset({'LUNCH BAG CARS BLUE'}),0.03088177807561289,0.06315965823421009,0.0161389400792986,0.5226039783001809,8.274331953511352,1.0,0.014188457530378168,1.9623966249866738,0.9071590048543399,0.20716845878136203,0.4904190176097603,0.38906503070623544,2,1
frozenset({'LUNCH BAG CARS BLUE'}),"frozenset({'LUNCH BAG RED RETROSPOT', 'LUNCH BAG SPACEBOY DESIGN'})",0.06315965823421009,0.03088177807561289,0.0161389400792986,0.25552608311229,8.274331953511352,1.0,0.014188457530378168,1.301749060565893,0.9384142447688494,0.20716845878136203,0.23180278727047238,0.38906503070623544,1,2
"frozenset({'JUMBO BAG RED RETROSPOT', 'JUMBO STORAGE BAG SUKI'})",frozenset({'JUMBO SHOPPER VINTAGE RED PAISLEY'}),0.04026358407326744,0.06505835706706875,0.02166750432791646,0.5381414701803051,8.27167322447959,1.0,0.019048021698477885,2.024303076740671,0.9159863698695055,0.2590120160213618,0.5060028256193241,0.43559434024036714,2,1
frozenset({'JUMBO SHOPPER VINTAGE RED PAISLEY'}),"frozenset({'JUMBO BAG RED RETROSPOT', 'JUMBO STORAGE BAG SUKI'})",0.06505835706706875,0.04026358407326744,0.02166750432791646,0.33304721030042916,8.27167322447959,1.0,0.019048021698477885,1.438987032888859,0.9402784465761151,0.2590120160213618,0.30506670515825585,0.43559434024036714,1,2
frozenset({'LUNCH BAG PINK POLKADOT'}),"frozenset({'LUNCH BAG SUKI DESIGN', 'LUNCH BAG BLACK SKULL.'})",0.05986485731836712,0.03238956832523594,0.016027251912659853,0.26772388059701496,8.265744016984046,1.0,0.014088255026266101,1.3213737359940727,0.9349919126922611,0.21025641025641026,0.24321183874015972,0.38127573340195575,1,2
"frozenset({'LUNCH BAG SUKI DESIGN', 'LUNCH BAG BLACK SKULL.'})",frozenset({'LUNCH BAG PINK POLKADOT'}),0.03238956832523594,0.05986485731836712,0.016027251912659853,0.4948275862068965,8.265744016984044,1.0,0.014088255026266101,1.8610183711786588,0.9084428262350215,0.21025641025641026,0.46265979128048085,0.38127573340195575,2,1
"frozenset({'JUMBO SHOPPER VINTAGE RED PAISLEY', 'JUMBO BAG RED RETROSPOT'})",frozenset({'JUMBO BAG PINK POLKADOT'}),0.03775060032389568,0.06751549673312113,0.02105321941140336,0.5576923076923077,8.26021187249475,1.0,0.01850446887856202,2.1082258334729436,0.9134198787670178,0.25,0.5256675143038779,0.4347601323407775,2,1
frozenset({'JUMBO BAG PINK POLKADOT'}),"frozenset({'JUMBO SHOPPER VINTAGE RED PAISLEY', 'JUMBO BAG RED RETROSPOT'})",0.06751549673312113,0.03775060032389568,0.02105321941140336,0.3118279569892473,8.26021187249475,1.0,0.01850446887856202,1.398268658904339,0.9425762325448845,0.25,0.28482985466928507,0.4347601323407775,1,2
"frozenset({'JUMBO BAG RED RETROSPOT', 'JUMBO BAG BAROQUE BLACK WHITE'})",frozenset({'JUMBO BAG PINK POLKADOT'}),0.03238956832523594,0.06751549673312113,0.018037638912157258,0.5568965517241379,8.248425601095233,1.0,0.015850841117707588,2.1044397349991817,0.9081803109411912,0.2203274215552524,0.524814142515519,0.41202974815321863,2,1
frozenset({'JUMBO BAG PINK POLKADOT'}),"frozenset({'JUMBO BAG RED RETROSPOT', 'JUMBO BAG BAROQUE BLACK WHITE'})",0.06751549673312113,0.03238956832523594,0.018037638912157258,0.2671629445822994,8.248425601095233,1.0,0.015850841117707588,1.3203623159083404,0.942390720306505,0.2203274215552524,0.2426321260827169,0.41202974815321863,1,2
frozenset({'JUMBO BAG VINTAGE LEAF'}),frozenset({'JUMBO BAG VINTAGE DOILY'}),0.04791422348802144,0.0389233260736025,0.015357122912827386,0.32051282051282054,8.234466394437701,1.0,0.013492141968439663,1.414414727665264,0.9227731831778989,0.21484375,0.2929937871541591,0.3575304418202553,1,1
frozenset({'JUMBO BAG VINTAGE DOILY'}),frozenset({'JUMBO BAG VINTAGE LEAF'}),0.0389233260736025,0.04791422348802144,0.015357122912827386,0.3945480631276901,8.2344663944377,1.0,0.013492141968439663,1.5725208204475096,0.9141406159209761,0.21484375,0.36407837212901323,0.3575304418202553,1,1
frozenset({'JUMBO SHOPPER VINTAGE RED PAISLEY'}),"frozenset({'JUMBO BAG RED RETROSPOT', 'JUMBO BAG BAROQUE BLACK WHITE'})",0.06505835706706875,0.03238956832523594,0.017311665829005417,0.26609442060085836,8.215435844309605,1.0,0.015204453727653996,1.3184399449135675,0.9393932971356563,0.21602787456445988,0.24152783457607035,0.40028858961077396,1,2
"frozenset({'JUMBO BAG RED RETROSPOT', 'JUMBO BAG BAROQUE BLACK WHITE'})",frozenset({'JUMBO SHOPPER VINTAGE RED PAISLEY'}),0.03238956832523594,0.06505835706706875,0.017311665829005417,0.5344827586206896,8.215435844309603,1.0,0.015204453727653996,2.008393158892963,0.9076771847778127,0.21602787456445988,0.5020895208828509,0.40028858961077396,2,1
frozenset({'JUMBO BAG SCANDINAVIAN BLUE PAISLEY'}),frozenset({'JUMBO SHOPPER VINTAGE RED PAISLEY'}),0.036577874574188866,0.06505835706706875,0.01954542916178031,0.534351145038168,8.213412836221867,1.0,0.017165732736978277,2.0078254954789183,0.911592030737637,0.23809523809523808,0.5019487489068496,0.4173901647937621,1,1
frozenset({'JUMBO SHOPPER VINTAGE RED PAISLEY'}),frozenset({'JUMBO BAG SCANDINAVIAN BLUE PAISLEY'}),0.06505835706706875,0.036577874574188866,0.01954542916178031,0.30042918454935624,8.213412836221865,1.0,0.017165732736978277,1.3771616884921105,0.939361230097104,0.23809523809523808,0.27386885043619996,0.4173901647937621,1,1
"frozenset({'LUNCH BAG PINK POLKADOT', 'LUNCH BAG SUKI DESIGN'})",frozenset({'LUNCH BAG RED RETROSPOT'}),0.025967498743508125,0.08599988831183336,0.01831685932875412,0.7053763440860216,8.20206116464181,1.0,0.016083657337074748,3.102263152810201,0.901488836869793,0.19558735837805608,0.6776546828098239,0.45918167853651726,2,1
"frozenset({'LUNCH BAG RED RETROSPOT', 'LUNCH BAG APPLE DESIGN'})",frozenset({'LUNCH BAG SUKI DESIGN'}),0.026916848159937456,0.07108951806556095,0.01563634332942425,0.5809128630705395,8.171568451692185,1.0,0.013722837565890414,2.216509169764355,0.9019007993441279,0.18983050847457628,0.5488401249852201,0.40043286515663656,2,1
"frozenset({'LUNCH BAG RED RETROSPOT', 'LUNCH BAG SUKI DESIGN'})",frozenset({'LUNCH BAG CARS BLUE'}),0.036298654157592,0.06315965823421009,0.018651923828670352,0.5138461538461538,8.135670271373188,1.0,0.016359313237715053,1.9270450067967198,0.9101206522459515,0.23082239115411196,0.4810707604269836,0.40458001768346596,2,1
frozenset({'LUNCH BAG CARS BLUE'}),"frozenset({'LUNCH BAG RED RETROSPOT', 'LUNCH BAG SUKI DESIGN'})",0.06315965823421009,0.036298654157592,0.018651923828670352,0.29531388152077803,8.135670271373188,1.0,0.016359313237715053,1.3675611319294396,0.9362155517291598,0.23082239115411196,0.26877126246697414,0.40458001768346596,1,2
frozenset({'PACK OF 60 SPACEBOY CAKE CASES'}),frozenset({'PACK OF 72 RETROSPOT CAKE CASES'}),0.028089573909644273,0.0714245825654772,0.016250628245937343,0.5785288270377734,8.099855907557004,1.0,0.014244342154998882,2.203176580045118,0.9018742778252976,0.19517102615694165,0.5461099173541862,0.40302516410528233,1,1
"frozenset({'LUNCH BAG RED RETROSPOT', 'LUNCH BAG SPACEBOY DESIGN'})",frozenset({'LUNCH BAG BLACK SKULL.'}),0.03088177807561289,0.07025185681577037,0.017535042162282907,0.5678119349005425,8.082518535980933,1.0,0.015365539910698552,2.1512582559869413,0.9041994760289482,0.20975283901135605,0.535155764205899,0.4087072393103666,2,1
frozenset({'HEART OF WICKER LARGE'}),frozenset({'HEART OF WICKER SMALL'}),0.05109733623722566,0.06572848606690121,0.02708438040989557,0.5300546448087432,8.064306308063012,1.0,0.023725829856971317,1.9880428726715942,0.9231682101461937,0.30180460485376476,0.49699273906695546,0.4710596078759094,1,1
frozenset({'HEART OF WICKER SMALL'}),frozenset({'HEART OF WICKER LARGE'}),0.06572848606690121,0.05109733623722566,0.02708438040989557,0.4120645709430756,8.06430630806301,1.0,0.023725829856971317,1.613957276371077,0.937625476796421,0.30180460485376476,0.38040491242217833,0.4710596078759094,1,1
frozenset({'JUMBO BAG APPLES'}),frozenset({'JUMBO BAG ALPHABET'}),0.05372200815323616,0.04931032557100575,0.021332439828000222,0.3970893970893971,8.052865043805022,1.0,0.018683390115635922,1.57683356344947,0.9255426008691501,0.2611073137388926,0.3658176594031858,0.4148527393148005,1,1
frozenset({'JUMBO BAG ALPHABET'}),frozenset({'JUMBO BAG APPLES'}),0.04931032557100575,0.05372200815323616,0.021332439828000222,0.4326160815402038,8.05286504380502,1.0,0.018683390115635922,1.6677913508995856,0.9212476134708499,0.2611073137388926,0.4004046132865406,0.4148527393148005,1,1
"frozenset({'LUNCH BAG WOODLAND', 'LUNCH BAG SUKI DESIGN'})",frozenset({'LUNCH BAG RED RETROSPOT'}),0.02485061707712068,0.08599988831183336,0.017199977662366674,0.6921348314606741,8.04808988764045,1.0,0.015062827369254156,2.9688324795710517,0.8980643683426869,0.18366129994036975,0.6631672528237484,0.4460674157303371,2,1
"frozenset({'LUNCH BAG RED RETROSPOT', 'LUNCH BAG BLACK SKULL.'})",frozenset({'LUNCH BAG WOODLAND'}),0.0352934606578433,0.05584408331937231,0.015859719662701735,0.44936708860759494,8.046816455696202,1.0,0.013888788705096146,1.7146739636268868,0.9077654348667985,0.21068249258160238,0.4167987493757735,0.36668354430379746,2,1
frozenset({'LUNCH BAG WOODLAND'}),"frozenset({'LUNCH BAG RED RETROSPOT', 'LUNCH BAG BLACK SKULL.'})",0.05584408331937231,0.0352934606578433,0.015859719662701735,0.284,8.046816455696202,1.0,0.013888788705096146,1.3473555018745205,0.9275239774841156,0.21068249258160238,0.25780538350217075,0.36668354430379746,1,2
frozenset({'JUMBO BAG TOYS'}),frozenset({'JUMBO BAG PINK POLKADOT'}),0.029150611492712347,0.06751549673312113,0.015748031496062992,0.5402298850574713,8.001568694560907,1.0,0.013779913481058288,2.0281537946054615,0.901297890698144,0.19461697722567287,0.5069407445037811,0.3867402527024329,1,1
frozenset({'LUNCH BAG CARS BLUE'}),"frozenset({'LUNCH BAG RED RETROSPOT', 'LUNCH BAG BLACK SKULL.'})",0.06315965823421009,0.0352934606578433,0.017814262578879768,0.28205128205128205,7.991601752677703,1.0,0.015585139665827846,1.3436983940837182,0.9338503056314216,0.22091412742382274,0.2557853723700323,0.39339905874716,1,2
"frozenset({'LUNCH BAG RED RETROSPOT', 'LUNCH BAG BLACK SKULL.'})",frozenset({'LUNCH BAG CARS BLUE'}),0.0352934606578433,0.06315965823421009,0.017814262578879768,0.504746835443038,7.991601752677702,1.0,0.015585139665827846,1.891639284332202,0.9068754111301146,0.22091412742382274,0.47135798654497385,0.39339905874716,2,1
frozenset({'JUMBO BAG WOODLAND ANIMALS'}),frozenset({'JUMBO STORAGE BAG SUKI'}),0.047635003071424584,0.06578433015022059,0.025018149327078795,0.5252051582649472,7.983742588328021,1.0,0.02188451255832143,1.967619670078671,0.9184981215131766,0.28300694883133287,0.49177169998508036,0.45275538049070785,1,1
frozenset({'JUMBO STORAGE BAG SUKI'}),frozenset({'JUMBO BAG WOODLAND ANIMALS'}),0.06578433015022059,0.047635003071424584,0.025018149327078795,0.38030560271646857,7.983742588328021,1.0,0.02188451255832143,1.5368300909340575,0.9363420984090928,0.28300694883133287,0.3493099816960128,0.45275538049070785,1,1
frozenset({'JUMBO STORAGE BAG SUKI'}),frozenset({'JUMBO STORAGE BAG SKULLS'}),0.06578433015022059,0.03909085832356062,0.020494778578209638,0.31154499151103565,7.969765947125879,1.0,0.017923212648397028,1.3957471872932745,0.9361069708282848,0.24288550628722697,0.2835378719700189,0.41791535289837495,1,1
frozenset({'JUMBO STORAGE BAG SKULLS'}),frozenset({'JUMBO STORAGE BAG SUKI'}),0.03909085832356062,0.06578433015022059,0.020494778578209638,0.5242857142857142,7.969765947125878,1.0,0.017923212648397028,1.9638167234079447,0.9101024882307419,0.24288550628722697,0.4907875118485436,0.41791535289837495,1,1
"frozenset({'LUNCH BAG RED RETROSPOT', 'LUNCH BAG APPLE DESIGN'})",frozenset({'LUNCH BAG BLACK SKULL.'}),0.026916848159937456,0.07025185681577037,0.015022058412911153,0.558091286307054,7.944149971303987,1.0,0.013131099850047394,2.1039371127455335,0.8983006298901824,0.18286879673691367,0.5247006224938684,0.38596138242220746,2,1
frozenset({'PACK OF 72 SKULL CAKE CASES'}),frozenset({'PACK OF 72 RETROSPOT CAKE CASES'}),0.036298654157592,0.0714245825654772,0.020494778578209638,0.5646153846153847,7.9050568352679385,1.0,0.017902162357315007,2.132770393400848,0.9063997881679418,0.234955185659411,0.5311262744952908,0.4257791543874422,1,1
frozenset({'PACK OF 72 RETROSPOT CAKE CASES'}),frozenset({'PACK OF 72 SKULL CAKE CASES'}),0.0714245825654772,0.036298654157592,0.020494778578209638,0.28694292415949957,7.905056835267937,1.0,0.017902162357315007,1.3515066023382016,0.9406868621851197,0.234955185659411,0.2600850056744602,0.4257791543874422,1,1
"frozenset({'LUNCH BAG RED RETROSPOT', 'LUNCH BAG BLACK SKULL.'})",frozenset({'LUNCH BAG SUKI DESIGN'}),0.0352934606578433,0.07108951806556095,0.019824649578377172,0.5617088607594938,7.901430141099965,1.0,0.017315654469345257,2.1193914244857965,0.9053951611259453,0.22903225806451621,0.5281664404004001,0.4202888372925513,2,1
frozenset({'LUNCH BAG SUKI DESIGN'}),"frozenset({'LUNCH BAG RED RETROSPOT', 'LUNCH BAG BLACK SKULL.'})",0.07108951806556095,0.0352934606578433,0.019824649578377172,0.27886881382560885,7.901430141099965,1.0,0.017315654469345257,1.3377684363644504,0.940285043191698,0.22903225806451621,0.25248647462663837,0.4202888372925513,1,2
"frozenset({'LUNCH BAG PINK POLKADOT', 'LUNCH BAG SPACEBOY DESIGN'})",frozenset({'LUNCH BAG RED RETROSPOT'}),0.02367789132741386,0.08599988831183336,0.016027251912659853,0.6768867924528302,7.870786878216124,1.0,0.013990955903042534,2.828730272669947,0.8941187467128345,0.17113893858079907,0.6464844988362456,0.4316252144082333,2,1
"frozenset({'JUMBO BAG APPLES', 'JUMBO BAG RED RETROSPOT'})",frozenset({'JUMBO BAG PINK POLKADOT'}),0.03021164907578042,0.06751549673312113,0.016027251912659853,0.5304990757855823,7.857441646064865,1.0,0.013987497418181798,1.9861185679818172,0.8999201852632863,0.19617224880382775,0.49650538687821427,0.38394267271495824,2,1
"frozenset({'LUNCH BAG RED RETROSPOT', 'LUNCH BAG SUKI DESIGN'})",frozenset({'LUNCH BAG SPACEBOY DESIGN'}),0.036298654157592,0.06405316356732005,0.018261015245434747,0.5030769230769231,7.85405271276239,1.0,0.015935971613404924,1.8834843457623591,0.9055473478031961,0.2224489795918367,0.4690691206168533,0.39408423311649116,2,1
frozenset({'LUNCH BAG SPACEBOY DESIGN'}),"frozenset({'LUNCH BAG RED RETROSPOT', 'LUNCH BAG SUKI DESIGN'})",0.06405316356732005,0.036298654157592,0.018261015245434747,0.2850915431560592,7.854052712762389,1.0,0.015935971613404924,1.3480066386356608,0.9324003926634699,0.2224489795918367,0.25816389078608987,0.39408423311649116,1,2
"frozenset({'JUMBO BAG APPLES', 'JUMBO BAG RED RETROSPOT'})",frozenset({'JUMBO STORAGE BAG SUKI'}),0.03021164907578042,0.06578433015022059,0.015580499246104875,0.5157116451016637,7.839429905632844,1.0,0.01359304614892113,1.9290483869798885,0.8996186673832649,0.19375,0.4816096855063358,0.3762768751824108,2,1
"frozenset({'JUMBO BAG STRAWBERRY', 'JUMBO BAG RED RETROSPOT'})",frozenset({'JUMBO BAG PINK POLKADOT'}),0.02948567599262858,0.06751549673312113,0.015524655162785502,0.5265151515151516,7.798434092788932,1.0,0.013533915101631318,1.9694072708996486,0.8982547778452534,0.19054146675805345,0.4922330110301724,0.3782286262124972,2,1
"frozenset({'LUNCH BAG PINK POLKADOT', 'LUNCH BAG RED RETROSPOT'})",frozenset({'LUNCH BAG SUKI DESIGN'}),0.03311554140838778,0.07108951806556095,0.01831685932875412,0.5531197301854975,7.780608804738182,1.0,0.015962691449551702,2.0786562859891413,0.9013231573490506,0.21326397919375817,0.5189199836739031,0.40538940162063564,2,1
frozenset({'LUNCH BAG SUKI DESIGN'}),"frozenset({'LUNCH BAG PINK POLKADOT', 'LUNCH BAG RED RETROSPOT'})",0.07108951806556095,0.03311554140838778,0.01831685932875412,0.2576590730557738,7.780608804738181,1.0,0.015962691449551702,1.302480334166267,0.9381693607275137,0.21326397919375817,0.23223408924625974,0.40538940162063564,1,2
"frozenset({'LUNCH BAG RED RETROSPOT', 'LUNCH BAG SUKI DESIGN'})",frozenset({'LUNCH BAG BLACK SKULL.'}),0.036298654157592,0.07025185681577037,0.019824649578377172,0.5461538461538463,7.774226488932373,1.0,0.017274601723892852,2.0485976036262694,0.9041907468453301,0.22858982614294915,0.5118611882441544,0.4141739024091966,2,1
frozenset({'LUNCH BAG BLACK SKULL.'}),"frozenset({'LUNCH BAG RED RETROSPOT', 'LUNCH BAG SUKI DESIGN'})",0.07025185681577037,0.036298654157592,0.019824649578377172,0.28219395866454694,7.7742264889323724,1.0,0.017274601723892852,1.3425651086043737,0.9372106263625359,0.22858982614294915,0.2551571662401369,0.4141739024091966,1,2
"frozenset({'LUNCH BAG RED RETROSPOT', 'LUNCH BAG WOODLAND'})",frozenset({'LUNCH BAG BLACK SKULL.'}),0.029038923326073603,0.07025185681577037,0.015859719662701735,0.5461538461538461,7.774226488932371,1.0,0.013819681379114278,2.0485976036262685,0.8974302477891447,0.1900937081659973,0.5118611882441542,0.38595450654274177,2,1
"frozenset({'LUNCH BAG RED RETROSPOT', 'LUNCH BAG BLACK SKULL.'})",frozenset({'LUNCH BAG SPACEBOY DESIGN'}),0.0352934606578433,0.06405316356732005,0.017535042162282907,0.4968354430379747,7.756610530497832,1.0,0.015274384353909294,1.8601207566838167,0.9029457907399043,0.21433447098976108,0.4624004939427812,0.3852965358171565,2,1
frozenset({'LUNCH BAG SPACEBOY DESIGN'}),"frozenset({'LUNCH BAG RED RETROSPOT', 'LUNCH BAG BLACK SKULL.'})",0.06405316356732005,0.0352934606578433,0.017535042162282907,0.27375762859633823,7.756610530497831,1.0,0.015274384353909294,1.3283534221193922,0.9306914400376997,0.21433447098976108,0.24718829842400167,0.3852965358171565,1,2
frozenset({'JUMBO BAG VINTAGE LEAF'}),frozenset({'JUMBO BAG APPLES'}),0.04791422348802144,0.05372200815323616,0.019880493661696544,0.41491841491841497,7.7234345695884175,1.0,0.017306445356817076,1.6173436593715607,0.9143335040244213,0.24316939890710387,0.3817022163437036,0.3924903924903925,1,1
frozenset({'JUMBO BAG APPLES'}),frozenset({'JUMBO BAG VINTAGE LEAF'}),0.05372200815323616,0.04791422348802144,0.019880493661696544,0.37006237006237014,7.7234345695884175,1.0,0.017306445356817076,1.5113968927467385,0.9199452292778023,0.24316939890710387,0.33836042352670903,0.3924903924903925,1,1
frozenset({'RECYCLING BAG RETROSPOT'}),frozenset({'JUMBO BAG WOODLAND ANIMALS'}),0.041436309822974256,0.047635003071424584,0.01518959066286927,0.36657681940700804,7.69553470705896,1.0,0.01321577191718339,1.5035209100446871,0.9076647932694779,0.20559334845049126,0.3348945177155678,0.34272568989107727,1,1
frozenset({'JUMBO BAG WOODLAND ANIMALS'}),frozenset({'RECYCLING BAG RETROSPOT'}),0.047635003071424584,0.041436309822974256,0.01518959066286927,0.3188745603751465,7.69553470705896,1.0,0.01321577191718339,1.4073232835129137,0.9135725446505563,0.20559334845049126,0.289431211921803,0.34272568989107727,1,1
"frozenset({'LUNCH BAG PINK POLKADOT', 'LUNCH BAG BLACK SKULL.'})",frozenset({'LUNCH BAG RED RETROSPOT'}),0.029876584575864187,0.08599988831183336,0.019768805495057797,0.6616822429906541,7.693989561840028,1.0,0.017199422558394434,2.7016025400727575,0.8968224079010187,0.20569436374201044,0.6298493264027399,0.445776186430392,2,1
"frozenset({'JUMBO BAG PINK POLKADOT', 'JUMBO BAG RED RETROSPOT'})",frozenset({'JUMBO BAG BAROQUE BLACK WHITE'}),0.04573630423856592,0.051320712570503156,0.018037638912157258,0.39438339438339437,7.684682745618545,1.0,0.01569041918829273,1.5664684201708827,0.9115625108706994,0.2282685512367491,0.3616213470228069,0.37292619120693116,2,1
frozenset({'JUMBO BAG BAROQUE BLACK WHITE'}),"frozenset({'JUMBO BAG PINK POLKADOT', 'JUMBO BAG RED RETROSPOT'})",0.051320712570503156,0.04573630423856592,0.018037638912157258,0.3514689880304679,7.684682745618545,1.0,0.01569041918829273,1.4714233832294596,0.9169284309959096,0.2282685512367491,0.3203859532222372,0.37292619120693116,1,2
frozenset({'JUMBO STORAGE BAG SUKI'}),frozenset({'JUMBO BAG SPACEBOY DESIGN'}),0.06578433015022059,0.0379181325738538,0.019154520578544703,0.29117147707979624,7.678950869024907,1.0,0.01666010162662647,1.3572843590754493,0.9310204325618106,0.22655217965653898,0.2632347132614297,0.39816305812752695,1,1
frozenset({'JUMBO BAG SPACEBOY DESIGN'}),frozenset({'JUMBO STORAGE BAG SUKI'}),0.0379181325738538,0.06578433015022059,0.019154520578544703,0.5051546391752577,7.678950869024906,1.0,0.01666010162662647,1.8878941661547626,0.9040539131835691,0.22655217965653898,0.4703092906755538,0.39816305812752695,1,1
frozenset({'JUMBO STORAGE BAG SUKI'}),"frozenset({'JUMBO BAG PINK POLKADOT', 'JUMBO BAG RED RETROSPOT'})",0.06578433015022059,0.04573630423856592,0.023007762327581394,0.34974533106960953,7.646995901664833,1.0,0.019999030189700638,1.4675230203746337,0.9304379291353251,0.2599369085173502,0.31857968419145,0.42639891706105626,1,2
"frozenset({'JUMBO BAG PINK POLKADOT', 'JUMBO BAG RED RETROSPOT'})",frozenset({'JUMBO STORAGE BAG SUKI'}),0.04573630423856592,0.06578433015022059,0.023007762327581394,0.503052503052503,7.646995901664831,1.0,0.019999030189700638,1.8799081906805144,0.9108904562561361,0.2599369085173502,0.46805912918651277,0.42639891706105626,2,1
frozenset({'60 TEATIME FAIRY CAKE CASES'}),frozenset({'PACK OF 72 RETROSPOT CAKE CASES'}),0.044563578488859105,0.0714245825654772,0.024292176243926957,0.5451127819548873,7.6320051496998955,1.0,0.021109241252736315,2.0413310829552325,0.9095035683981609,0.2649208282582217,0.5101235618514655,0.44261112123545776,1,1
frozenset({'PACK OF 72 RETROSPOT CAKE CASES'}),frozenset({'60 TEATIME FAIRY CAKE CASES'}),0.0714245825654772,0.044563578488859105,0.024292176243926957,0.34010946051602814,7.632005149699895,1.0,0.021109241252736315,1.4478710700388024,0.9358128789826881,0.2649208282582217,0.309330767985301,0.44261112123545776,1,1
"frozenset({'LUNCH BAG APPLE DESIGN', 'LUNCH BAG BLACK SKULL.'})",frozenset({'LUNCH BAG RED RETROSPOT'}),0.022951918244262022,0.08599988831183336,0.015022058412911153,0.6545012165450121,7.610489145890606,1.0,0.01304819600736229,2.645451027491806,0.8890068128158449,0.15992865636147446,0.6219926244682308,0.41458827061016845,2,1
"frozenset({'LUNCH BAG PINK POLKADOT', 'LUNCH BAG RED RETROSPOT'})",frozenset({'LUNCH BAG SPACEBOY DESIGN'}),0.03311554140838778,0.06405316356732005,0.016027251912659853,0.48397976391231035,7.555907264496723,1.0,0.013906096722208031,1.8137793268123505,0.8973701167893378,0.1975223675154852,0.4486650138650204,0.3670988619038448,2,1
frozenset({'LUNCH BAG SPACEBOY DESIGN'}),"frozenset({'LUNCH BAG PINK POLKADOT', 'LUNCH BAG RED RETROSPOT'})",0.06405316356732005,0.03311554140838778,0.016027251912659853,0.2502179598953792,7.555907264496721,1.0,0.013906096722208031,1.2895540395402083,0.9270325896235437,0.1975223675154852,0.22453811989410624,0.3670988619038448,1,2
"frozenset({'LUNCH BAG RED RETROSPOT', 'LUNCH BAG SUKI DESIGN'})",frozenset({'LUNCH BAG APPLE DESIGN'}),0.036298654157592,0.05701680906907913,0.01563634332942425,0.43076923076923085,7.555126949446246,1.0,0.01356670989585629,1.656592092175942,0.9003199529797432,0.201294033069734,0.39635109649322614,0.3525050855119416,2,1
frozenset({'LUNCH BAG APPLE DESIGN'}),"frozenset({'LUNCH BAG RED RETROSPOT', 'LUNCH BAG SUKI DESIGN'})",0.05701680906907913,0.036298654157592,0.01563634332942425,0.2742409402546523,7.555126949446244,1.0,0.01356670989585629,1.327853001491361,0.9201007597164176,0.201294033069734,0.24690459043518911,0.3525050855119416,1,2
"frozenset({'LUNCH BAG PINK POLKADOT', 'LUNCH BAG BLACK SKULL.'})",frozenset({'LUNCH BAG SUKI DESIGN'}),0.029876584575864187,0.07108951806556095,0.016027251912659853,0.5364485981308411,7.546099801043969,1.0,0.013903339913716697,2.0038996283666326,0.894196757006549,0.18869165023011178,0.5009730099031485,0.3809501435273216,2,1
"frozenset({'LUNCH BAG WOODLAND', 'LUNCH BAG BLACK SKULL.'})",frozenset({'LUNCH BAG RED RETROSPOT'}),0.02457139666052382,0.08599988831183336,0.015859719662701735,0.6454545454545453,7.505295159386066,1.0,0.013746582294230932,2.5779490329666226,0.8885947505033637,0.1674528301886792,0.6120947360820274,0.4149350649350648,2,1
frozenset({'JUMBO BAG PINK VINTAGE PAISLEY'}),"frozenset({'JUMBO BAG PINK POLKADOT', 'JUMBO BAG RED RETROSPOT'})",0.047690847154743955,0.04573630423856592,0.016362316412576086,0.3430913348946136,7.5015098094723385,1.0,0.01418111331771177,1.452658103708137,0.9100967891910564,0.21231884057971015,0.31160677282056676,0.35042234632398567,1,2
frozenset({'JUMBO BAG STRAWBERRY'}),"frozenset({'JUMBO BAG PINK POLKADOT', 'JUMBO BAG RED RETROSPOT'})",0.045345395655330314,0.04573630423856592,0.015524655162785502,0.34236453201970446,7.485618650643282,1.0,0.01345072435127517,1.45105266097057,0.9075643726025322,0.20546932742054694,0.31084513546798026,0.340901435729022,1,2
"frozenset({'JUMBO BAG PINK POLKADOT', 'JUMBO BAG RED RETROSPOT'})",frozenset({'JUMBO BAG STRAWBERRY'}),0.04573630423856592,0.045345395655330314,0.015524655162785502,0.33943833943833945,7.485618650643282,1.0,0.01345072435127517,1.4452164897565332,0.9079361510791366,0.20546932742054694,0.30806214356960193,0.340901435729022,2,1
frozenset({'LUNCH BAG DOLLY GIRL DESIGN'}),frozenset({'LUNCH BAG WOODLAND'}),0.03741553582397945,0.05584408331937231,0.01563634332942425,0.4179104477611941,7.483522388059703,1.0,0.01354690702943098,1.6220114466051812,0.9000488981344119,0.20143884892086333,0.38348153948421976,0.3489552238805971,1,1
frozenset({'LUNCH BAG WOODLAND'}),frozenset({'LUNCH BAG DOLLY GIRL DESIGN'}),0.05584408331937231,0.03741553582397945,0.01563634332942425,0.28,7.483522388059702,1.0,0.01354690702943098,1.3369228669111397,0.9176165409086684,0.20143884892086333,0.25201369147763536,0.3489552238805971,1,1
frozenset({'JUMBO BAG OWLS'}),frozenset({'JUMBO STORAGE BAG SUKI'}),0.03585190149103702,0.06578433015022059,0.01764673032892165,0.49221183800623053,7.48220490931882,1.0,0.015288237004722083,1.8397744173115291,0.898564814305667,0.2101063829787234,0.45645510091323865,0.3802315556754412,1,1
frozenset({'JUMBO STORAGE BAG SUKI'}),frozenset({'JUMBO BAG OWLS'}),0.06578433015022059,0.03585190149103702,0.01764673032892165,0.26825127334465193,7.48220490931882,1.0,0.015288237004722083,1.3175945012106245,0.9273549835009469,0.2101063829787234,0.2410411556201959,0.3802315556754412,1,1
frozenset({'JUMBO SHOPPER VINTAGE RED PAISLEY'}),frozenset({'JUMBO BAG PINK VINTAGE PAISLEY'}),0.06505835706706875,0.047690847154743955,0.02317529457753951,0.3562231759656652,7.469424370043521,1.0,0.020072606414515175,1.4792535507529645,0.9263903061775234,0.25872817955112215,0.32398337019979867,0.42108582685871077,1,1
frozenset({'JUMBO BAG PINK VINTAGE PAISLEY'}),frozenset({'JUMBO SHOPPER VINTAGE RED PAISLEY'}),0.047690847154743955,0.06505835706706875,0.02317529457753951,0.48594847775175637,7.4694243700435194,1.0,0.020072606414515175,1.818770303108709,0.909495485018712,0.25872817955112215,0.450177959090951,0.42108582685871077,1,1
"frozenset({'LUNCH BAG RED RETROSPOT', 'LUNCH BAG BLACK SKULL.'})",frozenset({'LUNCH BAG APPLE DESIGN'}),0.0352934606578433,0.05701680906907913,0.015022058412911153,0.4256329113924051,7.465042648681487,1.0,0.013009737905195846,1.641777897157967,0.8977261551869766,0.19436416184971098,0.3909042132123533,0.34455005021138374,2,1
frozenset({'LUNCH BAG APPLE DESIGN'}),"frozenset({'LUNCH BAG RED RETROSPOT', 'LUNCH BAG BLACK SKULL.'})",0.05701680906907913,0.0352934606578433,0.015022058412911153,0.26346718903036237,7.465042648681486,1.0,0.013009737905195846,1.309794383867476,0.9184069247219602,0.19436416184971098,0.23652138662614755,0.34455005021138374,1,2
frozenset({'PACK OF 60 DINOSAUR CAKE CASES'}),frozenset({'PACK OF 72 RETROSPOT CAKE CASES'}),0.03238956832523594,0.0714245825654772,0.017199977662366674,0.5310344827586206,7.434897953681485,1.0,0.014886566265260694,1.9800505224706733,0.8944706819699605,0.19858156028368792,0.49496238169104045,0.385923809010272,1,1
frozenset({'LUNCH BAG WOODLAND'}),frozenset({'LUNCH BAG SPACEBOY DESIGN'}),0.05584408331937231,0.06405316356732005,0.02658178366002122,0.476,7.431326939843068,1.0,0.023004793456898417,1.7861580847951908,0.9166224720206886,0.28485936564931175,0.44013914081145583,0.44549782040104613,1,1
frozenset({'LUNCH BAG SPACEBOY DESIGN'}),frozenset({'LUNCH BAG WOODLAND'}),0.06405316356732005,0.05584408331937231,0.02658178366002122,0.41499564080209234,7.431326939843068,1.0,0.023004793456898417,1.613929711524113,0.9246620605282686,0.28485936564931175,0.3803943301498236,0.44549782040104613,1,1
frozenset({'JUMBO BAG WOODLAND ANIMALS'}),frozenset({'JUMBO BAG PINK POLKADOT'}),0.047635003071424584,0.06751549673312113,0.023845423577371978,0.5005861664712778,7.414389150538604,1.0,0.020629322683120996,1.8671579372926004,0.9083986971814836,0.26116207951070336,0.4644266668463991,0.4268853082149607,1,1
frozenset({'JUMBO BAG PINK POLKADOT'}),frozenset({'JUMBO BAG WOODLAND ANIMALS'}),0.06751549673312113,0.047635003071424584,0.023845423577371978,0.3531844499586435,7.414389150538604,1.0,0.020629322683120996,1.4723903852770432,0.9277656834191532,0.26116207951070336,0.3208322942071906,0.4268853082149607,1,1
"frozenset({'LUNCH BAG CARS BLUE', 'LUNCH BAG PINK POLKADOT'})",frozenset({'LUNCH BAG RED RETROSPOT'}),0.027698665326408668,0.08599988831183336,0.01764673032892165,0.6370967741935483,7.408111646418097,1.0,0.015264648204463653,2.518578085540725,0.889655092190373,0.18372093023255814,0.6029505673296187,0.4211457896941767,2,1
"frozenset({'LUNCH BAG WOODLAND', 'LUNCH BAG SPACEBOY DESIGN'})",frozenset({'LUNCH BAG RED RETROSPOT'}),0.02658178366002122,0.08599988831183336,0.016864913162450437,0.634453781512605,7.37737913347157,1.0,0.014578882736559296,2.500368121629697,0.8880566365548781,0.176196032672112,0.6000588907891622,0.41527883880825056,2,1
frozenset({'JUMBO BAG SPACEBOY DESIGN'}),frozenset({'JUMBO BAG PINK POLKADOT'}),0.0379181325738538,0.06751549673312113,0.0187636119953091,0.49484536082474234,7.329359699163491,1.0,0.01620355043939302,1.8459387105487195,0.8975976607847691,0.21649484536082478,0.4582702045926854,0.3863804967895424,1,1
frozenset({'JUMBO BAG PINK POLKADOT'}),frozenset({'JUMBO BAG SPACEBOY DESIGN'}),0.06751549673312113,0.0379181325738538,0.0187636119953091,0.27791563275434245,7.329359699163491,1.0,0.01620355043939302,1.3323676720712607,0.9260877051143849,0.21649484536082478,0.2494564218558167,0.3863804967895424,1,1
frozenset({'LUNCH BAG PINK POLKADOT'}),frozenset({'LUNCH BAG CARS BLUE'}),0.05986485731836712,0.06315965823421009,0.027698665326408668,0.46268656716417916,7.325666099212162,1.0,0.02391762139794085,1.7435639693974423,0.9184782088007895,0.29056824838898654,0.4264621100506054,0.45061826147775713,1,1
frozenset({'LUNCH BAG CARS BLUE'}),frozenset({'LUNCH BAG PINK POLKADOT'}),0.06315965823421009,0.05986485731836712,0.027698665326408668,0.4385499557913351,7.325666099212162,1.0,0.02391762139794085,1.6744769234219319,0.9217084313996955,0.29056824838898654,0.40279857786489087,0.45061826147775713,1,1
"frozenset({'LUNCH BAG SUKI DESIGN', 'LUNCH BAG APPLE DESIGN'})",frozenset({'LUNCH BAG RED RETROSPOT'}),0.02485061707712068,0.08599988831183336,0.01563634332942425,0.6292134831460674,7.316445352400408,1.0,0.013499193036311731,2.465030604249904,0.8853224143855228,0.16422287390029328,0.5943255234738577,0.40551583248212464,2,1
frozenset({'JUMBO BAG STRAWBERRY'}),frozenset({'JUMBO BAG PINK VINTAGE PAISLEY'}),0.045345395655330314,0.047690847154743955,0.015803875579382363,0.3485221674876848,7.307946666512847,1.0,0.013641315246012614,1.4617675465223972,0.9041622527199386,0.2046276211135213,0.31589670164791944,0.339951950254381,1,1
frozenset({'JUMBO BAG PINK VINTAGE PAISLEY'}),frozenset({'JUMBO BAG STRAWBERRY'}),0.047690847154743955,0.045345395655330314,0.015803875579382363,0.33138173302107726,7.307946666512846,1.0,0.013641315246012614,1.4278021578114675,0.9063891227495073,0.2046276211135213,0.2996228542385745,0.339951950254381,1,1
"frozenset({'LUNCH BAG CARS BLUE', 'LUNCH BAG SUKI DESIGN'})",frozenset({'LUNCH BAG RED RETROSPOT'}),0.02970905232590607,0.08599988831183336,0.018651923828670352,0.6278195488721805,7.300236793281907,1.0,0.016096948646792016,2.4557982798894176,0.8894426399000559,0.19217491369390105,0.5928004314568422,0.4223513328776487,2,1
"frozenset({'LUNCH BAG CARS BLUE', 'LUNCH BAG WOODLAND'})",frozenset({'LUNCH BAG RED RETROSPOT'}),0.024515552577204447,0.08599988831183336,0.01524543474618864,0.6218678815489749,7.231031269413957,1.0,0.01313709996264618,2.417144873681356,0.8833632781995503,0.1600234466588511,0.5862887612205959,0.39957030441085106,2,1
frozenset({'JUMBO BAG APPLES'}),"frozenset({'JUMBO BAG RED RETROSPOT', 'JUMBO STORAGE BAG SUKI'})",0.05372200815323616,0.04026358407326744,0.015580499246104875,0.29002079002079006,7.203054489462257,1.0,0.013417458654242292,1.3517810133550758,0.9100602730106152,0.1987179487179487,0.26023520812884254,0.3384916710159429,1,2
"frozenset({'JUMBO BAG RED RETROSPOT', 'JUMBO STORAGE BAG SUKI'})",frozenset({'JUMBO BAG APPLES'}),0.04026358407326744,0.05372200815323616,0.015580499246104875,0.3869625520110957,7.203054489462256,1.0,0.013417458654242292,1.543589212944608,0.8972984595697007,0.1987179487179487,0.3521592457281021,0.3384916710159429,2,1
"frozenset({'LUNCH BAG SPACEBOY DESIGN', 'LUNCH BAG BLACK SKULL.'})",frozenset({'LUNCH BAG RED RETROSPOT'}),0.028312950242921762,0.08599988831183336,0.017535042162282907,0.6193293885601577,7.201513870744639,1.0,0.01510013160361314,2.401026200134199,0.8862321546233254,0.18118869013271782,0.5835114169332648,0.4116127462281308,2,1
"frozenset({'LUNCH BAG SPACEBOY DESIGN', 'LUNCH BAG SUKI DESIGN'})",frozenset({'LUNCH BAG RED RETROSPOT'}),0.029541520075947954,0.08599988831183336,0.018261015245434747,0.6181474480151229,7.1877703581862376,1.0,0.01572044781834144,2.3935943518962386,0.8870805049655035,0.18771526980482206,0.5822182655102832,0.41524255517639264,2,1
frozenset({'JUMBO BAG VINTAGE LEAF'}),frozenset({'JUMBO BAG ALPHABET'}),0.04791422348802144,0.04931032557100575,0.016976601329089184,0.35431235431235436,7.185358243115888,1.0,0.014613935369412915,1.4723677629243268,0.9041497263306074,0.21155184411969383,0.32082185906199073,0.34929660750725305,1,1
frozenset({'JUMBO BAG ALPHABET'}),frozenset({'JUMBO BAG VINTAGE LEAF'}),0.04931032557100575,0.04791422348802144,0.016976601329089184,0.34428086070215175,7.185358243115887,1.0,0.014613935369412915,1.451971918238475,0.9054774837999605,0.21155184411969383,0.31128144598471646,0.34929660750725305,1,1
"frozenset({'LUNCH BAG CARS BLUE', 'LUNCH BAG BLACK SKULL.'})",frozenset({'LUNCH BAG RED RETROSPOT'}),0.028927235159434857,0.08599988831183336,0.017814262578879768,0.6158301158301158,7.160824600110314,1.0,0.01532652358599823,2.379156069620454,0.8859802372090163,0.18343875790684305,0.5796828914382528,0.4114864864864865,2,1
frozenset({'JUMBO BAG SCANDINAVIAN BLUE PAISLEY'}),frozenset({'JUMBO BAG PINK POLKADOT'}),0.036577874574188866,0.06751549673312113,0.017590886245602278,0.48091603053435117,7.12304661602864,1.0,0.015121312874284115,1.7964039695288403,0.8922471376679583,0.2033570045190445,0.4433323367336583,0.3707309681207736,1,1
frozenset({'JUMBO BAG PINK POLKADOT'}),frozenset({'JUMBO BAG SCANDINAVIAN BLUE PAISLEY'}),0.06751549673312113,0.036577874574188866,0.017590886245602278,0.26054590570719605,7.12304661602864,1.0,0.015121312874284115,1.3028829414315501,0.9218497795572893,0.2033570045190445,0.23247133859835145,0.3707309681207736,1,1
"frozenset({'LUNCH BAG SUKI DESIGN', 'LUNCH BAG BLACK SKULL.'})",frozenset({'LUNCH BAG RED RETROSPOT'}),0.03238956832523594,0.08599988831183336,0.019824649578377172,0.6120689655172413,7.117090237348857,1.0,0.017039150319938384,2.3560891767961625,0.8882636152808813,0.20113314447592068,0.5755678478351097,0.42129422301836095,2,1
frozenset({'LUNCH BAG PINK POLKADOT'}),frozenset({'LUNCH BAG BLACK SKULL.'}),0.05986485731836712,0.07025185681577037,0.029876584575864187,0.4990671641791045,7.103971151792706,1.0,0.025670967191237737,1.8560335372318326,0.9139469674049113,0.29805013927576596,0.461216632167411,0.4621726917874855,1,1
frozenset({'LUNCH BAG BLACK SKULL.'}),frozenset({'LUNCH BAG PINK POLKADOT'}),0.07025185681577037,0.05986485731836712,0.029876584575864187,0.42527821939586646,7.103971151792706,1.0,0.025670967191237737,1.6358091417614027,0.9241574386606812,0.29805013927576596,0.3886817389202127,0.4621726917874855,1,1
frozenset({'JUMBO SHOPPER VINTAGE RED PAISLEY'}),"frozenset({'JUMBO BAG PINK POLKADOT', 'JUMBO BAG RED RETROSPOT'})",0.06505835706706875,0.04573630423856592,0.02105321941140336,0.3236051502145923,7.0754547312487235,1.0,0.018077690599322647,1.4108086365000896,0.9184170308824801,0.23459863098942127,0.29118664705598685,0.39196130526602635,1,2
"frozenset({'JUMBO BAG PINK POLKADOT', 'JUMBO BAG RED RETROSPOT'})",frozenset({'JUMBO SHOPPER VINTAGE RED PAISLEY'}),0.04573630423856592,0.06505835706706875,0.02105321941140336,0.46031746031746035,7.075454731248723,1.0,0.018077690599322647,1.7323918677874903,0.89982080588919,0.23459863098942127,0.42276339516812583,0.39196130526602635,2,1
"frozenset({'JUMBO SHOPPER VINTAGE RED PAISLEY', 'JUMBO BAG PINK POLKADOT'})",frozenset({'JUMBO BAG RED RETROSPOT'}),0.02607918691014687,0.11420115038811637,0.02105321941140336,0.8072805139186296,7.068935042905086,1.0,0.01807494626507788,4.596311808541665,0.881525442289441,0.17658079625292739,0.7824342556260813,0.49581629607911926,2,1
frozenset({'LUNCH BAG DOLLY GIRL DESIGN'}),frozenset({'LUNCH BAG SUKI DESIGN'}),0.03741553582397945,0.07108951806556095,0.018707767911989723,0.5,7.0333857030636295,1.0,0.016047915502098293,1.857820963868878,0.8911643557463595,0.20833333333333331,0.4617350006011783,0.381578947368421,1,1
frozenset({'LUNCH BAG SUKI DESIGN'}),frozenset({'LUNCH BAG DOLLY GIRL DESIGN'}),0.07108951806556095,0.03741553582397945,0.018707767911989723,0.2631578947368421,7.0333857030636295,1.0,0.016047915502098293,1.3063646299531706,0.9234700012023566,0.20833333333333331,0.23451693572272622,0.381578947368421,1,1
"frozenset({'LUNCH BAG CARS BLUE', 'LUNCH BAG SPACEBOY DESIGN'})",frozenset({'LUNCH BAG RED RETROSPOT'}),0.026693471826659966,0.08599988831183336,0.0161389400792986,0.6046025104602512,7.030270879747868,1.0,0.013843304483550773,2.3115981660684857,0.8812824586791175,0.1671486408328514,0.5673988608059948,0.39613242406129445,2,1
frozenset({'JUMBO BAG BAROQUE BLACK WHITE'}),frozenset({'JUMBO SHOPPER VINTAGE RED PAISLEY'}),0.051320712570503156,0.06505835706706875,0.02345451499413637,0.45701849836779107,7.02474699594166,1.0,0.020115673750788172,1.7218664726560398,0.9040422090663438,0.2524038461538461,0.4192348733886056,0.40876675991350925,1,1
frozenset({'JUMBO SHOPPER VINTAGE RED PAISLEY'}),frozenset({'JUMBO BAG BAROQUE BLACK WHITE'}),0.06505835706706875,0.051320712570503156,0.02345451499413637,0.3605150214592274,7.02474699594166,1.0,0.020115673750788172,1.48350519443673,0.917325830105068,0.2524038461538461,0.3259207964016003,0.40876675991350925,1,1
"frozenset({'JUMBO BAG PINK POLKADOT', 'JUMBO STORAGE BAG SUKI'})",frozenset({'JUMBO BAG RED RETROSPOT'}),0.028703858826157367,0.11420115038811637,0.023007762327581394,0.8015564202334631,7.018812135511308,1.0,0.019729748629056135,4.46373145784812,0.8828674519768304,0.19189566837447602,0.7759721861758053,0.5015117064492499,2,1
"frozenset({'JUMBO BAG STRAWBERRY', 'JUMBO BAG PINK POLKADOT'})",frozenset({'JUMBO BAG RED RETROSPOT'}),0.019377896911822193,0.11420115038811637,0.015524655162785502,0.8011527377521613,7.015277298253278,1.0,0.013311677043353079,4.454669577033674,0.874397953163665,0.13150425733207188,0.7755164591431064,0.46854702902277995,2,1
frozenset({'JUMBO SHOPPER VINTAGE RED PAISLEY'}),frozenset({'JUMBO BAG WOODLAND ANIMALS'}),0.06505835706706875,0.047635003071424584,0.02172334841123583,0.3339055793991416,7.009668476319377,1.0,0.01862429337252417,1.4297747698734413,0.9169983039130994,0.2387968078575813,0.30058914098161305,0.3949715470266517,1,1
frozenset({'JUMBO BAG WOODLAND ANIMALS'}),frozenset({'JUMBO SHOPPER VINTAGE RED PAISLEY'}),0.047635003071424584,0.06505835706706875,0.02172334841123583,0.45603751465416176,7.009668476319376,1.0,0.01862429337252417,1.7187612530642034,0.9002219774899207,0.2387968078575813,0.41818562745861154,0.3949715470266517,1,1
frozenset({'JUMBO STORAGE BAG SKULLS'}),frozenset({'JUMBO BAG PINK POLKADOT'}),0.03909085832356062,0.06751549673312113,0.018484391578712234,0.47285714285714275,7.003683091102444,1.0,0.015845152861272974,1.76894079210519,0.8920905687754069,0.20975918884664127,0.4346899543144601,0.37331856315727274,1,1
frozenset({'JUMBO BAG PINK POLKADOT'}),frozenset({'JUMBO STORAGE BAG SKULLS'}),0.06751549673312113,0.03909085832356062,0.018484391578712234,0.2737799834574028,7.003683091102444,1.0,0.015845152861272974,1.3231653215111792,0.9192838912994626,0.20975918884664127,0.24423654116183596,0.37331856315727274,1,1
frozenset({'JUMBO BAG SCANDINAVIAN BLUE PAISLEY'}),frozenset({'JUMBO STORAGE BAG SUKI'}),0.036577874574188866,0.06578433015022059,0.016809069079131066,0.4595419847328244,6.985584312912297,1.0,0.014402818101949266,1.7285628919536877,0.8893796703622594,0.1964751958224543,0.4214847462855333,0.35752990577897586,1,1
frozenset({'JUMBO STORAGE BAG SUKI'}),frozenset({'JUMBO BAG SCANDINAVIAN BLUE PAISLEY'}),0.06578433015022059,0.036577874574188866,0.016809069079131066,0.2555178268251273,6.985584312912297,1.0,0.014402818101949266,1.2940835390554224,0.9171844146744993,0.1964751958224543,0.2272523605934126,0.35752990577897586,1,1
frozenset({'JUMBO STORAGE BAG SUKI'}),frozenset({'JUMBO BAG BAROQUE BLACK WHITE'}),0.06578433015022059,0.051320712570503156,0.023510359077455745,0.3573853989813243,6.963765331402149,1.0,0.020134260378173188,1.4762803178229158,0.9167043049966994,0.25119331742243434,0.3226218707062971,0.40774601831547175,1,1
frozenset({'JUMBO BAG BAROQUE BLACK WHITE'}),frozenset({'JUMBO STORAGE BAG SUKI'}),0.051320712570503156,0.06578433015022059,0.023510359077455745,0.4581066376496192,6.963765331402148,1.0,0.020134260378173188,1.7239843385380471,0.9027281797910164,0.25119331742243434,0.41994832688096895,0.40774601831547175,1,1
"frozenset({'JUMBO BAG PINK POLKADOT', 'JUMBO BAG WOODLAND ANIMALS'})",frozenset({'JUMBO BAG RED RETROSPOT'}),0.023845423577371978,0.11420115038811637,0.018931144245267213,0.793911007025761,6.9518652336480695,1.0,0.01620796944123942,4.298137599821296,0.8770677656048548,0.15893108298171588,0.7673410920949629,0.47984058908745264,2,1
frozenset({'LUNCH BAG CARS BLUE'}),frozenset({'LUNCH BAG WOODLAND'}),0.06315965823421009,0.05584408331937231,0.024515552577204447,0.38815207780725025,6.950639257294431,1.0,0.02098845936035014,1.5431218811644365,0.913846578744122,0.2594562647754137,0.35196304828144737,0.41357603890362515,1,1
frozenset({'LUNCH BAG WOODLAND'}),frozenset({'LUNCH BAG CARS BLUE'}),0.05584408331937231,0.06315965823421009,0.024515552577204447,0.43900000000000006,6.95063925729443,1.0,0.02098845936035014,1.669947133272353,0.9067658487615419,0.2594562647754137,0.4011786480686696,0.41357603890362515,1,1
frozenset({'PACK OF 72 RETROSPOT CAKE CASES'}),frozenset({'PACK OF 60 PINK PAISLEY CAKE CASES'}),0.0714245825654772,0.04696487407159212,0.023286982744178255,0.32603596559812353,6.942123705072055,1.0,0.019932536218374583,1.4140741601652362,0.9217903521782045,0.24486200822078683,0.29282351083825137,0.41093712667539944,1,1
frozenset({'PACK OF 60 PINK PAISLEY CAKE CASES'}),frozenset({'PACK OF 72 RETROSPOT CAKE CASES'}),0.04696487407159212,0.0714245825654772,0.023286982744178255,0.49583828775267536,6.942123705072054,1.0,0.019932536218374583,1.8418205803359282,0.8981325428348286,0.24486200822078683,0.45705894989097656,0.41093712667539944,1,1
"frozenset({'JUMBO BAG PINK POLKADOT', 'JUMBO BAG APPLES'})",frozenset({'JUMBO BAG RED RETROSPOT'}),0.02027140224493215,0.11420115038811637,0.016027251912659853,0.790633608815427,6.923166764331468,1.0,0.013712234456308358,4.230855031698865,0.873259627163401,0.1353135313531353,0.7636411570456343,0.46548795355196776,2,1
frozenset({'JUMBO BAG BAROQUE BLACK WHITE'}),frozenset({'JUMBO BAG WOODLAND ANIMALS'}),0.051320712570503156,0.047635003071424584,0.016920757245769812,0.32970620239390647,6.921511097617448,1.0,0.014476094944846196,1.4208172600281832,0.9018041078890088,0.20626276378488773,0.2961797212541153,0.34246154199413964,1,1
frozenset({'JUMBO BAG WOODLAND ANIMALS'}),frozenset({'JUMBO BAG BAROQUE BLACK WHITE'}),0.047635003071424584,0.051320712570503156,0.016920757245769812,0.3552168815943728,6.921511097617447,1.0,0.014476094944846196,1.471315331231565,0.8983140720545608,0.20626276378488773,0.3203360430133291,0.34246154199413964,1,1
"frozenset({'JUMBO BAG PINK POLKADOT', 'JUMBO BAG BAROQUE BLACK WHITE'})",frozenset({'JUMBO BAG RED RETROSPOT'}),0.023007762327581394,0.11420115038811637,0.018037638912157258,0.7839805825242718,6.864909677878796,1.0,0.015410125986491097,4.100551977978607,0.8744508161111048,0.15135895032802252,0.756130392842147,0.4709633963966102,2,1
frozenset({'JUMBO BAG WOODLAND ANIMALS'}),frozenset({'JUMBO BAG PINK VINTAGE PAISLEY'}),0.047635003071424584,0.047690847154743955,0.015580499246104875,0.32708089097303633,6.858357745496677,1.0,0.013308745595409807,1.4151911278345006,0.8969171507919393,0.19537815126050417,0.29338166390982,0.32688939162234953,1,1
frozenset({'JUMBO BAG PINK VINTAGE PAISLEY'}),frozenset({'JUMBO BAG WOODLAND ANIMALS'}),0.047690847154743955,0.047635003071424584,0.015580499246104875,0.32669789227166274,6.858357745496676,1.0,0.013308745595409807,1.4144690563078322,0.8969697466490197,0.19537815126050417,0.2930209427060317,0.32688939162234953,1,1
"frozenset({'JUMBO BAG SCANDINAVIAN BLUE PAISLEY', 'JUMBO SHOPPER VINTAGE RED PAISLEY'})",frozenset({'JUMBO BAG RED RETROSPOT'}),0.01954542916178031,0.11420115038811637,0.015301278829508014,0.7828571428571428,6.855072301781348,1.0,0.013069168334403265,4.0793368074231475,0.8711496111310438,0.12918434700612919,0.7548621143073292,0.45842123646524624,2,1
"frozenset({'JUMBO BAG PINK VINTAGE PAISLEY', 'JUMBO BAG PINK POLKADOT'})",frozenset({'JUMBO BAG RED RETROSPOT'}),0.02105321941140336,0.11420115038811637,0.016362316412576086,0.7771883289124668,6.80543345028633,1.0,0.0139580145364204,3.975549598853334,0.8714044573028392,0.1376232973226867,0.7484624515089865,0.46023230626552436,2,1
frozenset({'72 SWEETHEART FAIRY CAKE CASES'}),frozenset({'PACK OF 72 RETROSPOT CAKE CASES'}),0.03305969732506841,0.0714245825654772,0.016027251912659853,0.4847972972972973,6.787541206178814,1.0,0.013665976831475819,1.8023496626925821,0.8818240815550352,0.1811868686868687,0.44516870355440846,0.3545956775774993,1,1
frozenset({'JUMBO SHOPPER VINTAGE RED PAISLEY'}),frozenset({'JUMBO STORAGE BAG SUKI'}),0.06505835706706875,0.06578433015022059,0.029038923326073603,0.4463519313304721,6.785079825411514,1.0,0.024759102885742616,1.6873817912790587,0.9119476121775727,0.2852441031267142,0.4073658936179546,0.4438890386703294,1,1
frozenset({'JUMBO STORAGE BAG SUKI'}),frozenset({'JUMBO SHOPPER VINTAGE RED PAISLEY'}),0.06578433015022059,0.06505835706706875,0.029038923326073603,0.44142614601018676,6.785079825411514,1.0,0.024759102885742616,1.6738012999619953,0.9126562808940716,0.2852441031267142,0.4025575198067384,0.4438890386703294,1,1
frozenset({'JAM MAKING SET WITH JARS'}),frozenset({'JAM MAKING SET PRINTED'}),0.060646674484838334,0.061931088401183894,0.025241525660356284,0.4162062615101289,6.720473872733885,1.0,0.021485611101597937,1.6068499022023885,0.906156337447975,0.25932300631095806,0.3776643365199356,0.41189032642684087,1,1
frozenset({'JAM MAKING SET PRINTED'}),frozenset({'JAM MAKING SET WITH JARS'}),0.061931088401183894,0.060646674484838334,0.025241525660356284,0.4075743913435528,6.720473872733885,1.0,0.021485611101597937,1.5856055372851057,0.9073970563288718,0.25932300631095806,0.36932611769746143,0.41189032642684087,1,1
frozenset({'SET OF 6 SPICE TINS PANTRY DESIGN'}),frozenset({'SET OF 3 CAKE TINS PANTRY DESIGN'}),0.04495448707209471,0.07466353939800079,0.02244932149438767,0.4993788819875776,6.688390156882238,1.0,0.01909286037776341,1.8483768009543657,0.8905200636974175,0.23103448275862065,0.4589847700513912,0.40002601541413285,1,1
frozenset({'SET OF 3 CAKE TINS PANTRY DESIGN'}),frozenset({'SET OF 6 SPICE TINS PANTRY DESIGN'}),0.07466353939800079,0.04495448707209471,0.02244932149438767,0.3006731488406881,6.688390156882237,1.0,0.01909286037776341,1.3656640115343415,0.9191112932621143,0.23103448275862065,0.26775547165771263,0.40002601541413285,1,1
"frozenset({'JUMBO SHOPPER VINTAGE RED PAISLEY', 'JUMBO BAG WOODLAND ANIMALS'})",frozenset({'JUMBO BAG RED RETROSPOT'}),0.02172334841123583,0.11420115038811637,0.016585692745853576,0.7634961439588689,6.68553811729656,1.0,0.014104861367008583,3.745388614119812,0.8693076827567067,0.13897987833411324,0.733005008818022,0.45436420889874984,2,1
frozenset({'JUMBO BAG BAROQUE BLACK WHITE'}),frozenset({'JUMBO BAG PINK POLKADOT'}),0.051320712570503156,0.06751549673312113,0.023007762327581394,0.4483133841131665,6.640155309606677,1.0,0.01954281892568614,1.69024311341669,0.8953511730724829,0.24009324009324007,0.4083691321903505,0.39454544309049555,1,1
frozenset({'JUMBO BAG PINK POLKADOT'}),frozenset({'JUMBO BAG BAROQUE BLACK WHITE'}),0.06751549673312113,0.051320712570503156,0.023007762327581394,0.34077750206782464,6.640155309606676,1.0,0.01954281892568614,1.439088153704218,0.9109010497158545,0.24009324009324007,0.3051155362331373,0.39454544309049555,1,1
frozenset({'LUNCH BAG CARS BLUE'}),frozenset({'LUNCH BAG SUKI DESIGN'}),0.06315965823421009,0.07108951806556095,0.02970905232590607,0.47038019451812546,6.616730670256145,1.0,0.025219062660850534,1.753919457542321,0.9060967198038012,0.2841880341880342,0.4298483914413895,0.44414532113965977,1,1
frozenset({'LUNCH BAG SUKI DESIGN'}),frozenset({'LUNCH BAG CARS BLUE'}),0.07108951806556095,0.06315965823421009,0.02970905232590607,0.417910447761194,6.616730670256145,1.0,0.025219062660850534,1.6094436640591774,0.9138318246620518,0.2841880341880342,0.37866728588815574,0.44414532113965977,1,1
frozenset({'JUMBO SHOPPER VINTAGE RED PAISLEY'}),frozenset({'JUMBO STORAGE BAG SKULLS'}),0.06505835706706875,0.03909085832356062,0.016809069079131066,0.25836909871244634,6.609450643776824,1.0,0.014265882060258663,1.2956703125614024,0.9077587907310122,0.1924552429667519,0.22819872439378025,0.3441845493562231,1,1
frozenset({'JUMBO STORAGE BAG SKULLS'}),frozenset({'JUMBO SHOPPER VINTAGE RED PAISLEY'}),0.03909085832356062,0.06505835706706875,0.016809069079131066,0.42999999999999994,6.609450643776823,1.0,0.014265882060258663,1.6402484963735635,0.8832276209925383,0.1924552429667519,0.3903362800143351,0.3441845493562231,1,1
frozenset({'LUNCH BAG CARS BLUE'}),frozenset({'LUNCH BAG SPACEBOY DESIGN'}),0.06315965823421009,0.06405316356732005,0.026693471826659966,0.42263483642793986,6.598188331225038,1.0,0.022647895906928076,1.6210656539132633,0.9056433727800026,0.2655555555555555,0.38312183865842,0.4196870781965331,1,1
frozenset({'LUNCH BAG SPACEBOY DESIGN'}),frozenset({'LUNCH BAG CARS BLUE'}),0.06405316356732005,0.06315965823421009,0.026693471826659966,0.41673931996512636,6.598188331225037,1.0,0.022647895906928076,1.606212065777819,0.906507948792203,0.2655555555555555,0.3774172033032617,0.4196870781965331,1,1
"frozenset({'JUMBO STORAGE BAG SUKI', 'JUMBO BAG BAROQUE BLACK WHITE'})",frozenset({'JUMBO BAG RED RETROSPOT'}),0.023510359077455745,0.11420115038811637,0.017702574412241025,0.7529691211401426,6.5933584607611415,1.0,0.015017664359557883,3.5857818816019527,0.8687570155267973,0.14751046998604003,0.7211207951239776,0.45399067303950896,2,1
frozenset({'JUMBO BAG APPLES'}),frozenset({'LUNCH BAG APPLE DESIGN'}),0.05372200815323616,0.05701680906907913,0.020159714078293405,0.3752598752598753,6.581565706443278,1.0,0.017096656596612827,1.5094007149343525,0.8962064819454174,0.22256473489519113,0.3374854072177299,0.3644174009012403,1,1
frozenset({'LUNCH BAG APPLE DESIGN'}),frozenset({'JUMBO BAG APPLES'}),0.05701680906907913,0.05372200815323616,0.020159714078293405,0.3535749265426053,6.581565706443278,1.0,0.017096656596612827,1.4638633782962818,0.8993378441646983,0.22256473489519113,0.31687614102085765,0.3644174009012403,1,1
frozenset({'JUMBO BAG WOODLAND ANIMALS'}),frozenset({'JUMBO BAG APPLES'}),0.047635003071424584,0.05372200815323616,0.016809069079131066,0.3528722157092614,6.5684852044758255,1.0,0.014250021055748564,1.4622737808791477,0.8901607050810264,0.19881109643328929,0.31613353595194715,0.33288101429953715,1,1
frozenset({'JUMBO BAG APPLES'}),frozenset({'JUMBO BAG WOODLAND ANIMALS'}),0.05372200815323616,0.047635003071424584,0.016809069079131066,0.3128898128898129,6.5684852044758255,1.0,0.014250021055748564,1.386044065121467,0.8958867314518635,0.19881109643328929,0.2785222164546663,0.33288101429953715,1,1
frozenset({'LUNCH BAG PINK POLKADOT'}),frozenset({'LUNCH BAG WOODLAND'}),0.05986485731836712,0.05584408331937231,0.02194672474451332,0.3666044776119403,6.564786380597016,1.0,0.01860362666452409,1.4906261306062343,0.9016492207331902,0.23406789755807028,0.32914097004773263,0.3798022388059702,1,1
frozenset({'LUNCH BAG WOODLAND'}),frozenset({'LUNCH BAG PINK POLKADOT'}),0.05584408331937231,0.05986485731836712,0.02194672474451332,0.393,6.564786380597015,1.0,0.01860362666452409,1.5488223108428878,0.8978094653719322,0.23406789755807028,0.3543481437481438,0.3798022388059702,1,1
frozenset({'JUMBO BAG PINK POLKADOT'}),frozenset({'JUMBO BAG PINK VINTAGE PAISLEY'}),0.06751549673312113,0.047690847154743955,0.02105321941140336,0.3118279569892473,6.5385283674548615,1.0,0.017833348176127466,1.3838242377282626,0.9083908458993643,0.2236061684460261,0.2773648757289891,0.3766399738107829,1,1
frozenset({'JUMBO BAG PINK VINTAGE PAISLEY'}),frozenset({'JUMBO BAG PINK POLKADOT'}),0.047690847154743955,0.06751549673312113,0.02105321941140336,0.4414519906323185,6.538528367454861,1.0,0.017833348176127466,1.6694795928509738,0.8894804635446891,0.2236061684460261,0.40101094719445,0.3766399738107829,1,1
"frozenset({'JUMBO SHOPPER VINTAGE RED PAISLEY', 'JUMBO STORAGE BAG SUKI'})",frozenset({'JUMBO BAG RED RETROSPOT'}),0.029038923326073603,0.11420115038811637,0.02166750432791646,0.7461538461538462,6.533680646981381,1.0,0.018351225878046547,3.489510619683178,0.8722768936858265,0.17822691777675703,0.7134268643977382,0.46794244874929475,2,1
"frozenset({'JUMBO BAG APPLES', 'JUMBO STORAGE BAG SUKI'})",frozenset({'JUMBO BAG RED RETROSPOT'}),0.020885687161445246,0.11420115038811637,0.015580499246104875,0.7459893048128341,6.532239844148372,1.0,0.013195329745621515,3.4872502079457295,0.8649788304982289,0.13037383177570092,0.7132411096509532,0.4412098113306224,2,1
"frozenset({'JUMBO BAG PINK POLKADOT', 'JUMBO BAG RED RETROSPOT'})",frozenset({'JUMBO BAG APPLES'}),0.04573630423856592,0.05372200815323616,0.016027251912659853,0.35042735042735046,6.522975638360255,1.0,0.013570205803456725,1.4567700663956762,0.8872764798574952,0.19210174029451138,0.3135498710004464,0.32438207438207445,2,1
frozenset({'JUMBO BAG APPLES'}),"frozenset({'JUMBO BAG PINK POLKADOT', 'JUMBO BAG RED RETROSPOT'})",0.05372200815323616,0.04573630423856592,0.016027251912659853,0.2983367983367984,6.522975638360255,1.0,0.013570205803456725,1.3600024819592587,0.8947642660256641,0.19210174029451138,0.2647072242402299,0.32438207438207445,1,2
frozenset({'LUNCH BAG CARS BLUE'}),frozenset({'LUNCH BAG BLACK SKULL.'}),0.06315965823421009,0.07025185681577037,0.028927235159434857,0.4580017683465959,6.519425807458261,1.0,0.024490151892632137,1.7154080749451281,0.9036889433885141,0.27685729556386957,0.4170483311779982,0.4348832371144744,1,1
frozenset({'LUNCH BAG BLACK SKULL.'}),frozenset({'LUNCH BAG CARS BLUE'}),0.07025185681577037,0.06315965823421009,0.028927235159434857,0.4117647058823529,6.519425807458261,1.0,0.024490151892632137,1.5926285810018428,0.9105823601589113,0.27685729556386957,0.3721072119835058,0.4348832371144744,1,1
frozenset({'LUNCH BAG ALPHABET DESIGN'}),frozenset({'LUNCH BAG SPACEBOY DESIGN'}),0.04037527223990618,0.06405316356732005,0.016809069079131066,0.4163208852005532,6.499614726491984,1.0,0.014222905162273279,1.6035297695280275,0.8817454388537279,0.19184193753983425,0.37637578110300157,0.33937229961858517,1,1
frozenset({'LUNCH BAG SPACEBOY DESIGN'}),frozenset({'LUNCH BAG ALPHABET DESIGN'}),0.06405316356732005,0.04037527223990618,0.016809069079131066,0.2624237140366172,6.499614726491983,1.0,0.014222905162273279,1.301051492601451,0.9040521253736551,0.19184193753983425,0.2313909128988422,0.33937229961858517,1,1
frozenset({'JUMBO STORAGE BAG SUKI'}),frozenset({'JUMBO BAG PINK VINTAGE PAISLEY'}),0.06578433015022059,0.047690847154743955,0.020383090411570895,0.30984719864176574,6.496995065665222,1.0,0.01724577997719951,1.3798526224498298,0.9056609922724628,0.21895620875824837,0.2752849226574854,0.3686238335129204,1,1
frozenset({'JUMBO BAG PINK VINTAGE PAISLEY'}),frozenset({'JUMBO STORAGE BAG SUKI'}),0.047690847154743955,0.06578433015022059,0.020383090411570895,0.42740046838407497,6.496995065665221,1.0,0.01724577997719951,1.6315341146251772,0.8884538051795009,0.21895620875824837,0.38707993229443666,0.3686238335129204,1,1
frozenset({'LUNCH BAG SPACEBOY DESIGN'}),frozenset({'LUNCH BAG SUKI DESIGN'}),0.06405316356732005,0.07108951806556095,0.029541520075947954,0.4612031386224934,6.487639122791037,1.0,0.024988011547372624,1.724045829739161,0.9037486859973561,0.27974616604970914,0.4199690154690988,0.4383784742601862,1,1
frozenset({'LUNCH BAG SUKI DESIGN'}),frozenset({'LUNCH BAG SPACEBOY DESIGN'}),0.07108951806556095,0.06405316356732005,0.029541520075947954,0.41555380989787905,6.487639122791037,1.0,0.024988011547372624,1.601425165025271,0.9105944437486887,0.27974616604970914,0.37555620965640335,0.4383784742601862,1,1
frozenset({'LUNCH BAG BLACK SKULL.'}),frozenset({'LUNCH BAG SUKI DESIGN'}),0.07025185681577037,0.07108951806556095,0.03238956832523594,0.4610492845786964,6.485474893127035,1.0,0.027395397680992035,1.723553667070095,0.9097187156316731,0.29728344438749366,0.41980338697551495,0.45833296907646526,1,1
frozenset({'LUNCH BAG SUKI DESIGN'}),frozenset({'LUNCH BAG BLACK SKULL.'}),0.07108951806556095,0.07025185681577037,0.03238956832523594,0.45561665357423414,6.485474893127035,1.0,0.027395397680992035,1.707892332285028,0.9105390703710308,0.29728344438749366,0.4144829969099532,0.45833296907646526,1,1
"frozenset({'JUMBO SHOPPER VINTAGE RED PAISLEY', 'JUMBO BAG BAROQUE BLACK WHITE'})",frozenset({'JUMBO BAG RED RETROSPOT'}),0.02345451499413637,0.11420115038811637,0.017311665829005417,0.7380952380952381,6.463115612993365,1.0,0.01463313323487972,3.3821410621544654,0.8655775626871207,0.14385150812064967,0.704329304537349,0.44484224007451395,2,1
frozenset({'JUMBO STORAGE BAG SUKI'}),frozenset({'JUMBO BAG PINK POLKADOT'}),0.06578433015022059,0.06751549673312113,0.028703858826157367,0.4363327674023769,6.462705430830739,1.0,0.024262397098809587,1.6543173868198544,0.904786836530985,0.2744260544580886,0.3955210723364692,0.4307387575638849,1,1
frozenset({'JUMBO BAG PINK POLKADOT'}),frozenset({'JUMBO STORAGE BAG SUKI'}),0.06751549673312113,0.06578433015022059,0.028703858826157367,0.4251447477253929,6.462705430830739,1.0,0.024262397098809587,1.6251320069760913,0.9064665821252155,0.2744260544580886,0.38466537136222195,0.4307387575638849,1,1
frozenset({'LUNCH BAG PINK POLKADOT'}),frozenset({'LUNCH BAG RED RETROSPOT'}),0.05986485731836712,0.08599988831183336,0.03311554140838778,0.5531716417910447,6.432236746462492,1.0,0.027967170365204366,2.0455284336737254,0.8983103037065937,0.29370975730559684,0.5111287706697769,0.46911828842798986,1,1
frozenset({'LUNCH BAG RED RETROSPOT'}),frozenset({'LUNCH BAG PINK POLKADOT'}),0.08599988831183336,0.05986485731836712,0.03311554140838778,0.38506493506493505,6.432236746462492,1.0,0.027967170365204366,1.5288364516681254,0.9239966984114686,0.29370975730559684,0.3459077987649416,0.46911828842798986,1,1
frozenset({'JUMBO BAG OWLS'}),frozenset({'JUMBO BAG PINK POLKADOT'}),0.03585190149103702,0.06751549673312113,0.015524655162785502,0.43302180685358255,6.413665422106784,1.0,0.013104096224791213,1.6446567337838907,0.8754701885754645,0.17673235855054037,0.3919703853950834,0.3314819538817127,1,1
frozenset({'LUNCH BAG WOODLAND'}),frozenset({'LUNCH BAG APPLE DESIGN'}),0.05584408331937231,0.05701680906907913,0.020383090411570895,0.36500000000000005,6.401620959843291,1.0,0.017199038975312497,1.4850128991038123,0.8936972689434788,0.22041062801932368,0.3266051758853489,0.3612463271302645,1,1
frozenset({'LUNCH BAG APPLE DESIGN'}),frozenset({'LUNCH BAG WOODLAND'}),0.05701680906907913,0.05584408331937231,0.020383090411570895,0.3574926542605289,6.401620959843291,1.0,0.017199038975312497,1.469486571541038,0.8948087010557502,0.22041062801932368,0.31949020877999,0.3612463271302645,1,1
"frozenset({'JUMBO STORAGE BAG SUKI', 'JUMBO BAG WOODLAND ANIMALS'})",frozenset({'JUMBO BAG RED RETROSPOT'}),0.025018149327078795,0.11420115038811637,0.018261015245434747,0.7299107142857143,6.391448000349285,1.0,0.01540391381170067,3.279651939058875,0.865186291412664,0.1509695290858726,0.695089595304141,0.4449064573873559,2,1
frozenset({'LUNCH BAG DOLLY GIRL DESIGN'}),frozenset({'LUNCH BAG CARS BLUE'}),0.03741553582397945,0.06315965823421009,0.015022058412911153,0.4014925373134329,6.35678767963894,1.0,0.012658905957618767,1.5652943366161576,0.8754430093645273,0.17558746736292427,0.36114251702859096,0.3196675772331974,1,1
frozenset({'LUNCH BAG DOLLY GIRL DESIGN'}),frozenset({'LUNCH BAG BLACK SKULL.'}),0.03741553582397945,0.07025185681577037,0.016697380912492323,0.44626865671641797,6.352410839285291,1.0,0.014068870047100791,1.6790599890389055,0.8753304075021008,0.18354818907305098,0.4044286645336595,0.3419737560211661,1,1
frozenset({'LUNCH BAG VINTAGE LEAF DESIGN'}),frozenset({'LUNCH BAG BLACK SKULL.'}),0.03668956274082761,0.07025185681577037,0.016362316412576086,0.4459665144596651,6.348109995571719,1.0,0.01378480650427424,1.6781443133847223,0.8745600237423949,0.18064118372379778,0.4041036923796759,0.3394379472139343,1,1
frozenset({'LUNCH BAG VINTAGE LEAF DESIGN'}),frozenset({'LUNCH BAG SUKI DESIGN'}),0.03668956274082761,0.07108951806556095,0.016529848662534204,0.4505327245053272,6.337540846596147,1.0,0.013921605329252608,1.6905656139360843,0.8742873090481786,0.18115055079559364,0.4084819945723755,0.34152716350953716,1,1
frozenset({'JUMBO BAG STRAWBERRY'}),frozenset({'JUMBO BAG PINK POLKADOT'}),0.045345395655330314,0.06751549673312113,0.019377896911822193,0.4273399014778326,6.329508367050081,1.0,0.016316379999592654,1.6283385304359261,0.8820046982745178,0.2072879330943847,0.3858770880203346,0.3571769813427211,1,1
frozenset({'JUMBO BAG PINK POLKADOT'}),frozenset({'JUMBO BAG STRAWBERRY'}),0.06751549673312113,0.045345395655330314,0.019377896911822193,0.2870140612076096,6.329508367050081,1.0,0.016316379999592654,1.3389529195507024,0.9029746267219356,0.2072879330943847,0.2531477504559617,0.3571769813427211,1,1
frozenset({'LUNCH BAG SPACEBOY DESIGN'}),frozenset({'LUNCH BAG BLACK SKULL.'}),0.06405316356732005,0.07025185681577037,0.028312950242921762,0.4420226678291194,6.29197131384423,1.0,0.023813096567393277,1.6662830003629865,0.8986272142275447,0.2671232876712329,0.3998618483281904,0.42252166777783473,1,1
frozenset({'LUNCH BAG BLACK SKULL.'}),frozenset({'LUNCH BAG SPACEBOY DESIGN'}),0.07025185681577037,0.06405316356732005,0.028312950242921762,0.4030206677265501,6.29197131384423,1.0,0.023813096567393277,1.5678044210816398,0.904618422154703,0.2671232876712329,0.36216533991523464,0.42252166777783473,1,1
frozenset({'LUNCH BAG WOODLAND'}),frozenset({'LUNCH BAG BLACK SKULL.'}),0.05584408331937231,0.07025185681577037,0.02457139666052382,0.44000000000000006,6.263179650238475,1.0,0.020648246115163325,1.6602645414004102,0.8900401662571179,0.24202420242024203,0.3976863475283801,0.39488076311605724,1,1
frozenset({'LUNCH BAG BLACK SKULL.'}),frozenset({'LUNCH BAG WOODLAND'}),0.07025185681577037,0.05584408331937231,0.02457139666052382,0.3497615262321145,6.263179650238475,1.0,0.020648246115163325,1.452014844968496,0.9038326080190456,0.24202420242024203,0.3113018069579745,0.39488076311605724,1,1
frozenset({'LUNCH BAG WOODLAND'}),frozenset({'LUNCH BAG SUKI DESIGN'}),0.05584408331937231,0.07108951806556095,0.02485061707712068,0.44500000000000006,6.259713275726631,1.0,0.02088068810713347,1.6737125800620525,0.8899465217186153,0.24343544857768054,0.402525850667308,0.39728397486252953,1,1
frozenset({'LUNCH BAG SUKI DESIGN'}),frozenset({'LUNCH BAG WOODLAND'}),0.07108951806556095,0.05584408331937231,0.02485061707712068,0.34956794972505895,6.2597132757266305,1.0,0.02088068810713347,1.451582707650289,0.9045524734096807,0.24343544857768054,0.311096780962124,0.39728397486252953,1,1
frozenset({'JUMBO BAG BAROQUE BLACK WHITE'}),frozenset({'JUMBO BAG PINK VINTAGE PAISLEY'}),0.051320712570503156,0.047690847154743955,0.01524543474618864,0.29706202393906417,6.22891061203375,1.0,0.012797906487116227,1.3547555905027715,0.8848704666340644,0.182,0.261859477081852,0.30836707754330256,1,1
frozenset({'JUMBO BAG PINK VINTAGE PAISLEY'}),frozenset({'JUMBO BAG BAROQUE BLACK WHITE'}),0.047690847154743955,0.051320712570503156,0.01524543474618864,0.31967213114754095,6.228910612033749,1.0,0.012797906487116227,1.3944442538120314,0.8814976536198608,0.182,0.2828684278584304,0.30836707754330256,1,1
frozenset({'LUNCH BAG PINK POLKADOT'}),frozenset({'LUNCH BAG SPACEBOY DESIGN'}),0.05986485731836712,0.06405316356732005,0.02367789132741386,0.3955223880597015,6.174907936342698,1.0,0.019843357829666213,1.5483564948392483,0.8914189329283668,0.2362116991643454,0.35415390232607846,0.3825911853114549,1,1
frozenset({'LUNCH BAG SPACEBOY DESIGN'}),frozenset({'LUNCH BAG PINK POLKADOT'}),0.06405316356732005,0.05986485731836712,0.02367789132741386,0.3696599825632083,6.174907936342697,1.0,0.019843357829666213,1.4914730410177495,0.8954079794659341,0.2362116991643454,0.3295219072028139,0.3825911853114549,1,1
frozenset({'JUMBO BAG SPACEBOY DESIGN'}),frozenset({'JUMBO SHOPPER VINTAGE RED PAISLEY'}),0.0379181325738538,0.06505835706706875,0.01518959066286927,0.4005891016200295,6.157381152540658,1.0,0.012722699254563038,1.5597675074974455,0.870605008604324,0.17302798982188294,0.3588788103398559,0.31703274823490746,1,1
frozenset({'LUNCH BAG ALPHABET DESIGN'}),frozenset({'LUNCH BAG SUKI DESIGN'}),0.04037527223990618,0.07108951806556095,0.01764673032892165,0.4370677731673582,6.148132454130309,1.0,0.014776471683620897,1.650128448252087,0.8725796221978643,0.1880952380952381,0.3939865705247014,0.34265014738493593,1,1
frozenset({'LUNCH BAG APPLE DESIGN'}),frozenset({'LUNCH BAG SUKI DESIGN'}),0.05701680906907913,0.07108951806556095,0.02485061707712068,0.435847208619001,6.130963051642146,1.0,0.020797319598763738,1.64655833690115,0.8874956582608822,0.24067063277447265,0.392672596172926,0.39270757917203,1,1
frozenset({'LUNCH BAG SUKI DESIGN'}),frozenset({'LUNCH BAG APPLE DESIGN'}),0.07108951806556095,0.05701680906907913,0.02485061707712068,0.34956794972505895,6.130963051642145,1.0,0.020797319598763738,1.449779712626887,0.9009409453765335,0.24067063277447265,0.3102400376481482,0.39270757917203,1,1
frozenset({'LUNCH BAG PINK POLKADOT'}),frozenset({'LUNCH BAG SUKI DESIGN'}),0.05986485731836712,0.07108951806556095,0.025967498743508125,0.4337686567164179,6.101724537172738,1.0,0.021711734887681838,1.6405140636469828,0.8893528906432133,0.2473404255319149,0.39043497269573735,0.39952376276512175,1,1
frozenset({'LUNCH BAG SUKI DESIGN'}),frozenset({'LUNCH BAG PINK POLKADOT'}),0.07108951806556095,0.05986485731836712,0.025967498743508125,0.3652788688138256,6.101724537172738,1.0,0.021711734887681838,1.4811782631605428,0.9000995499566247,0.2473404255319149,0.32486181787045887,0.39952376276512175,1,1
"frozenset({'JUMBO BAG PINK VINTAGE PAISLEY', 'JUMBO SHOPPER VINTAGE RED PAISLEY'})",frozenset({'JUMBO BAG RED RETROSPOT'}),0.02317529457753951,0.11420115038811637,0.0161389400792986,0.6963855421686749,6.097885527439835,1.0,0.013492294777960113,2.917512084039142,0.855843145695076,0.1331183786273607,0.6572422080200769,0.41885291778360395,2,1
frozenset({'LUNCH BAG DOLLY GIRL DESIGN'}),frozenset({'LUNCH BAG RED RETROSPOT'}),0.03741553582397945,0.08599988831183336,0.019601273245099683,0.5238805970149255,6.091642760224851,1.0,0.01638354134311005,1.919686754956338,0.8683296896443036,0.18881118881118883,0.4790816796447896,0.37590133746850174,1,1
frozenset({'RECYCLING BAG RETROSPOT'}),frozenset({'JUMBO STORAGE BAG SUKI'}),0.041436309822974256,0.06578433015022059,0.016529848662534204,0.398921832884097,6.064085960488561,1.0,0.013803988776932837,1.5542332444586016,0.8711937396178584,0.18226600985221675,0.3565959269206483,0.32509758876802475,1,1
frozenset({'JUMBO STORAGE BAG SUKI'}),frozenset({'RECYCLING BAG RETROSPOT'}),0.06578433015022059,0.041436309822974256,0.016529848662534204,0.25127334465195245,6.064085960488561,1.0,0.013803988776932837,1.2802585340459594,0.8938992492402738,0.18226600985221675,0.21890776479362148,0.32509758876802475,1,1
frozenset({'LUNCH BAG WOODLAND'}),frozenset({'LUNCH BAG RED RETROSPOT'}),0.05584408331937231,0.08599988831183336,0.029038923326073603,0.52,6.046519480519481,1.0,0.02423633839773087,1.9041668993503473,0.8839806907471189,0.2574257425742575,0.4748359503879758,0.42883116883116884,1,1
frozenset({'LUNCH BAG RED RETROSPOT'}),frozenset({'LUNCH BAG WOODLAND'}),0.08599988831183336,0.05584408331937231,0.029038923326073603,0.33766233766233766,6.046519480519481,1.0,0.02423633839773087,1.425490305576634,0.913146058438415,0.2574257425742575,0.29848698648604016,0.42883116883116884,1,1
frozenset({'WOODLAND CHARLOTTE BAG'}),frozenset({'LUNCH BAG WOODLAND'}),0.04601552465516279,0.05584408331937231,0.015524655162785502,0.337378640776699,6.041439320388349,1.0,0.012954960369957962,1.4248799914740609,0.8747275784710873,0.17981888745148772,0.2981865097526675,0.3076893203883495,1,1
frozenset({'LUNCH BAG WOODLAND'}),frozenset({'WOODLAND CHARLOTTE BAG'}),0.05584408331937231,0.04601552465516279,0.015524655162785502,0.27799999999999997,6.041439320388348,1.0,0.012954960369957962,1.3213081375967275,0.883833395813662,0.17981888745148772,0.2431742668149622,0.3076893203883495,1,1
frozenset({'LUNCH BAG ALPHABET DESIGN'}),frozenset({'LUNCH BAG CARS BLUE'}),0.04037527223990618,0.06315965823421009,0.015357122912827386,0.38035961272475793,6.022192382902069,1.0,0.01280703451704172,1.5119097479836296,0.8690350431691213,0.17416086130462316,0.33858485843241776,0.31175363483275914,1,1
frozenset({'RECYCLING BAG RETROSPOT'}),frozenset({'JUMBO BAG PINK POLKADOT'}),0.041436309822974256,0.06751549673312113,0.016697380912492323,0.4029649595687331,5.968481001652029,1.0,0.01389978787200671,1.5618589196930568,0.8684380501272814,0.18099273607748184,0.35973730572507506,0.3251383937628612,1,1
frozenset({'LUNCH BAG APPLE DESIGN'}),frozenset({'LUNCH BAG SPACEBOY DESIGN'}),0.05701680906907913,0.06405316356732005,0.02172334841123583,0.38099902056807045,5.948168667229675,1.0,0.018071241413847448,1.5120280379711488,0.882180123964514,0.21866216975829117,0.33863660270360607,0.36007230888909186,1,1
frozenset({'LUNCH BAG SPACEBOY DESIGN'}),frozenset({'LUNCH BAG APPLE DESIGN'}),0.06405316356732005,0.05701680906907913,0.02172334841123583,0.3391455972101133,5.948168667229675,1.0,0.018071241413847448,1.426915197886235,0.8888122657079226,0.21866216975829117,0.29918750498883684,0.36007230888909186,1,1
frozenset({'JUMBO SHOPPER VINTAGE RED PAISLEY'}),frozenset({'JUMBO BAG PINK POLKADOT'}),0.06505835706706875,0.06751549673312113,0.02607918691014687,0.40085836909871236,5.937279417246189,1.0,0.02168673961612296,1.5563674015844038,0.8894380696894577,0.2448872574724698,0.35747818992997016,0.39356400671643643,1,1
frozenset({'JUMBO BAG PINK POLKADOT'}),frozenset({'JUMBO SHOPPER VINTAGE RED PAISLEY'}),0.06751549673312113,0.06505835706706875,0.02607918691014687,0.38626964433416044,5.937279417246189,1.0,0.02168673961612296,1.5233752645632261,0.89178178001802,0.2448872574724698,0.343562926836209,0.39356400671643643,1,1
frozenset({'LUNCH BAG SUKI DESIGN'}),frozenset({'LUNCH BAG RED RETROSPOT'}),0.07108951806556095,0.08599988831183336,0.036298654157592,0.5106048703849175,5.937273645443324,1.0,0.0301849635438117,1.867611785199095,0.8952127708770728,0.30050855293573736,0.46455681639779545,0.4663413962314198,1,1
frozenset({'LUNCH BAG RED RETROSPOT'}),frozenset({'LUNCH BAG SUKI DESIGN'}),0.08599988831183336,0.07108951806556095,0.036298654157592,0.42207792207792205,5.937273645443323,1.0,0.0301849635438117,1.6073282496393664,0.909816657345221,0.30050855293573736,0.37784954614941385,0.4663413962314198,1,1
frozenset({'JUMBO BAG PINK POLKADOT'}),frozenset({'JUMBO BAG RED RETROSPOT'}),0.06751549673312113,0.11420115038811637,0.04573630423856592,0.6774193548387096,5.9318085022478115,1.0,0.03802595684261838,2.7459764337968386,0.8916151920104489,0.3363449691991786,0.6358308149726878,0.5389541761968609,1,1
frozenset({'JUMBO BAG RED RETROSPOT'}),frozenset({'JUMBO BAG PINK POLKADOT'}),0.11420115038811637,0.06751549673312113,0.04573630423856592,0.4004889975550122,5.931808502247811,1.0,0.03802595684261838,1.5554084903595167,0.9386073935311107,0.3363449691991786,0.35708207445308443,0.5389541761968609,1,1
frozenset({'JUMBO BAG SCANDINAVIAN BLUE PAISLEY'}),frozenset({'JUMBO BAG RED RETROSPOT'}),0.036577874574188866,0.11420115038811637,0.024738928910481933,0.6763358778625954,5.922321058623715,1.0,0.020561693555357332,2.736784181583886,0.8627031301765516,0.1962782454585733,0.634607651297787,0.44648089736650554,1,1
frozenset({'JUMBO STORAGE BAG SUKI'}),frozenset({'JUMBO BAG APPLES'}),0.06578433015022059,0.05372200815323616,0.020885687161445246,0.31748726655348053,5.909817549036566,1.0,0.017351620840759915,1.3864620328302089,0.8892914830086279,0.21177802944507362,0.2787397156785586,0.35313032766343466,1,1
frozenset({'JUMBO BAG APPLES'}),frozenset({'JUMBO STORAGE BAG SUKI'}),0.05372200815323616,0.06578433015022059,0.020885687161445246,0.38877338877338885,5.909817549036565,1.0,0.017351620840759915,1.5284276775433467,0.8779555750517165,0.21177802944507362,0.3457328634565769,0.35313032766343466,1,1
frozenset({'LUNCH BAG ALPHABET DESIGN'}),frozenset({'LUNCH BAG BLACK SKULL.'}),0.04037527223990618,0.07025185681577037,0.016697380912492323,0.4135546334716459,5.886743101412371,1.0,0.013860943068196685,1.5853960083070706,0.8650535537452589,0.17776456599286566,0.3692427666272306,0.32561674439878,1,1
frozenset({'LUNCH BAG RED RETROSPOT'}),frozenset({'LUNCH BAG BLACK SKULL.'}),0.08599988831183336,0.07025185681577037,0.0352934606578433,0.4103896103896104,5.841690582867054,1.0,0.02925180881798814,1.576885617294839,0.9068015062726559,0.2917820867959372,0.36583859410455605,0.45638717403423285,1,1
frozenset({'LUNCH BAG BLACK SKULL.'}),frozenset({'LUNCH BAG RED RETROSPOT'}),0.07025185681577037,0.08599988831183336,0.0352934606578433,0.5023847376788553,5.841690582867053,1.0,0.02925180881798814,1.8367606078334082,0.8914421438623675,0.2917820867959372,0.455563236855579,0.45638717403423285,1,1
frozenset({'CANDLEHOLDER PINK HANGING HEART'}),frozenset({'WHITE HANGING HEART T-LIGHT HOLDER'}),0.021332439828000222,0.12174010163623164,0.015077902496230524,0.706806282722513,5.805862433354147,1.0,0.012480889103420982,2.9954935819192805,0.8458033497120516,0.11780104712041885,0.6661652002741807,0.4153297468658437,1,1
frozenset({'JUMBO BAG STRAWBERRY'}),frozenset({'JUMBO STORAGE BAG SUKI'}),0.045345395655330314,0.06578433015022059,0.017311665829005417,0.38177339901477836,5.803409385532798,1.0,0.014328649350422789,1.5111217607928704,0.8670020473822755,0.1845238095238095,0.3382399579268119,0.32246564687581025,1,1
frozenset({'JUMBO STORAGE BAG SUKI'}),frozenset({'JUMBO BAG STRAWBERRY'}),0.06578433015022059,0.045345395655330314,0.017311665829005417,0.2631578947368421,5.803409385532798,1.0,0.014328649350422789,1.2956026773249087,0.8859704704405523,0.1845238095238095,0.22815843352165147,0.32246564687581025,1,1
frozenset({'JUMBO BAG TOYS'}),frozenset({'JUMBO BAG RED RETROSPOT'}),0.029150611492712347,0.11420115038811637,0.019210364661864075,0.6590038314176244,5.77055335412978,1.0,0.01588133129487928,2.5976797724573206,0.8515289844894357,0.1547458389563653,0.615041079888753,0.4136094951709149,1,1
frozenset({'LUNCH BAG APPLE DESIGN'}),frozenset({'LUNCH BAG BLACK SKULL.'}),0.05701680906907913,0.07025185681577037,0.022951918244262022,0.40254652301665034,5.730048161891222,1.0,0.01894638153744896,1.556185006870653,0.8753935435940398,0.22002141327623126,0.35740288231480316,0.364627792509915,1,1
frozenset({'LUNCH BAG BLACK SKULL.'}),frozenset({'LUNCH BAG APPLE DESIGN'}),0.07025185681577037,0.05701680906907913,0.022951918244262022,0.3267090620031797,5.730048161891222,1.0,0.01894638153744896,1.400558269410978,0.8878548487674308,0.22002141327623126,0.2859990035112483,0.364627792509915,1,1
frozenset({'JUMBO BAG STRAWBERRY'}),frozenset({'JUMBO BAG RED RETROSPOT'}),0.045345395655330314,0.11420115038811637,0.02948567599262858,0.6502463054187192,5.693868259722741,1.0,0.024307179643985564,2.532636147481864,0.8635295629592209,0.2267067410905968,0.6051544944605349,0.45421850723258694,1,1
frozenset({'JUMBO BAG RED RETROSPOT'}),frozenset({'JUMBO BAG STRAWBERRY'}),0.11420115038811637,0.045345395655330314,0.02948567599262858,0.25819070904645475,5.69386825972274,1.0,0.024307179643985564,1.2869272682167763,0.9306542604203681,0.2267067410905968,0.22295531014301642,0.45421850723258694,1,1
frozenset({'JUMBO BAG BAROQUE BLACK WHITE'}),frozenset({'JUMBO BAG APPLES'}),0.051320712570503156,0.05372200815323616,0.01569218741274362,0.30576713819368884,5.69165503496298,1.0,0.01293513567360116,1.3630556026758245,0.868896570910008,0.17562499999999998,0.2663542132566767,0.29893346514674046,1,1
frozenset({'JUMBO BAG APPLES'}),frozenset({'JUMBO BAG BAROQUE BLACK WHITE'}),0.05372200815323616,0.051320712570503156,0.01569218741274362,0.29209979209979214,5.691655034962979,1.0,0.01293513567360116,1.3401313869415212,0.8711015017184548,0.17562499999999998,0.2538045077190357,0.29893346514674046,1,1
frozenset({'LUNCH BAG PINK POLKADOT'}),frozenset({'LUNCH BAG APPLE DESIGN'}),0.05986485731836712,0.05701680906907913,0.01932205282850282,0.32276119402985076,5.660807738974082,1.0,0.01590874968883382,1.3923939127795415,0.8757749046766389,0.19805380652547225,0.2818124305041181,0.33082232081512125,1,1
frozenset({'LUNCH BAG APPLE DESIGN'}),frozenset({'LUNCH BAG PINK POLKADOT'}),0.05701680906907913,0.05986485731836712,0.01932205282850282,0.33888344760039174,5.660807738974081,1.0,0.01590874968883382,1.422041452856218,0.8731298424867473,0.19805380652547225,0.2967856190187238,0.33082232081512125,1,1
frozenset({'LUNCH BAG RED RETROSPOT'}),frozenset({'LUNCH BAG SPACEBOY DESIGN'}),0.08599988831183336,0.06405316356732005,0.03088177807561289,0.3590909090909091,5.606138543235318,1.0,0.025373213162803773,1.4603425816680113,0.89893216745953,0.2591377694470478,0.31522917118680843,0.42060909883490527,1,1
frozenset({'LUNCH BAG SPACEBOY DESIGN'}),frozenset({'LUNCH BAG RED RETROSPOT'}),0.06405316356732005,0.08599988831183336,0.03088177807561289,0.4821272885789014,5.606138543235317,1.0,0.025373213162803773,1.7649126735796752,0.8778533881151628,0.2591377694470478,0.43339972851361813,0.42060909883490527,1,1
frozenset({'LUNCH BAG RED RETROSPOT'}),frozenset({'LUNCH BAG CARS BLUE'}),0.08599988831183336,0.06315965823421009,0.03043502540905791,0.35389610389610393,5.603198525612319,1.0,0.025003301855102276,1.4499840465520768,0.8988297665418724,0.2563499529633113,0.3103372396559092,0.4178852756438963,1,1
frozenset({'LUNCH BAG CARS BLUE'}),frozenset({'LUNCH BAG RED RETROSPOT'}),0.06315965823421009,0.08599988831183336,0.03043502540905791,0.4818744473916887,5.603198525612318,1.0,0.025003301855102276,1.7640514101012226,0.8769162368258718,0.2563499529633113,0.4331230970515653,0.4178852756438963,1,1
frozenset({'LUNCH BAG APPLE DESIGN'}),frozenset({'LUNCH BAG CARS BLUE'}),0.05701680906907913,0.06315965823421009,0.020159714078293405,0.3535749265426053,5.598113359503477,1.0,0.016558551903885155,1.4492636196104116,0.8710318469331408,0.20156337241764377,0.30999440925121796,0.3363807435542381,1,1
frozenset({'LUNCH BAG CARS BLUE'}),frozenset({'LUNCH BAG APPLE DESIGN'}),0.06315965823421009,0.05701680906907913,0.020159714078293405,0.3191865605658709,5.598113359503477,1.0,0.016558551903885155,1.3850831025232098,0.8767431907077384,0.20156337241764377,0.27802165936592743,0.3363807435542381,1,1
frozenset({'JUMBO BAG APPLES'}),frozenset({'JUMBO BAG PINK POLKADOT'}),0.05372200815323616,0.06751549673312113,0.02027140224493215,0.3773388773388774,5.588922478500643,1.0,0.016644334178965624,1.4975794526589943,0.8676886085024714,0.20077433628318583,0.3322557956945309,0.33879350814834686,1,1
frozenset({'JUMBO BAG PINK POLKADOT'}),frozenset({'JUMBO BAG APPLES'}),0.06751549673312113,0.05372200815323616,0.02027140224493215,0.3002481389578164,5.588922478500643,1.0,0.016644334178965624,1.3523050734547726,0.8805236238516216,0.20077433628318583,0.2605218898977644,0.33879350814834686,1,1
frozenset({'STRAWBERRY CHARLOTTE BAG'}),frozenset({'LUNCH BAG BLACK SKULL.'}),0.039984363656670574,0.07025185681577037,0.01563634332942425,0.3910614525139665,5.566563934950396,1.0,0.012827367538946135,1.5268341066970377,0.8545235463739332,0.1652892561983471,0.3450499988087932,0.30681848460356514,1,1
frozenset({'JUMBO BAG BAROQUE BLACK WHITE'}),frozenset({'JUMBO BAG RED RETROSPOT'}),0.051320712570503156,0.11420115038811637,0.03238956832523594,0.631120783460283,5.526396024167867,1.0,0.026528683910946618,2.4013249049950476,0.86335841527082,0.24328859060402683,0.5835632246515753,0.4573696826836867,1,1
frozenset({'JUMBO BAG RED RETROSPOT'}),frozenset({'JUMBO BAG BAROQUE BLACK WHITE'}),0.11420115038811637,0.051320712570503156,0.03238956832523594,0.2836185819070905,5.526396024167867,1.0,0.026528683910946618,1.3242656264800825,0.9246458680255132,0.24328859060402683,0.24486448941666292,0.4573696826836867,1,1
frozenset({'LUNCH BAG RED RETROSPOT'}),frozenset({'LUNCH BAG APPLE DESIGN'}),0.08599988831183336,0.05701680906907913,0.026916848159937456,0.31298701298701304,5.489381431497005,1.0,0.022013408948099524,1.3725842287652346,0.8947811949304935,0.23184223184223185,0.2714472605447378,0.39253660149840364,1,1
frozenset({'LUNCH BAG APPLE DESIGN'}),frozenset({'LUNCH BAG RED RETROSPOT'}),0.05701680906907913,0.08599988831183336,0.026916848159937456,0.4720861900097943,5.489381431497004,1.0,0.022013408948099524,1.7313434397655254,0.8672796291263405,0.23184223184223185,0.4224138452071477,0.39253660149840364,1,1
frozenset({'JUMBO BAG SPACEBOY DESIGN'}),frozenset({'JUMBO BAG RED RETROSPOT'}),0.0379181325738538,0.11420115038811637,0.023733735410733234,0.6259204712812961,5.480859598647516,1.0,0.019403441050230022,2.367942594041217,0.849768502711045,0.18486298390604614,0.5776924649624366,0.41687221608074587,1,1
frozenset({'RED HANGING HEART T-LIGHT HOLDER'}),frozenset({'WHITE HANGING HEART T-LIGHT HOLDER'}),0.04009605182330932,0.12174010163623164,0.026749315909979338,0.6671309192200557,5.479960261685109,1.0,0.02186801848579805,2.638454422699522,0.851665342609386,0.19801570897064905,0.6209902314792102,0.4434278449311288,1,1
frozenset({'JUMBO BAG RED RETROSPOT'}),frozenset({'JUMBO BAG WOODLAND ANIMALS'}),0.11420115038811637,0.047635003071424584,0.029764896409225444,0.26063569682151594,5.471516322371496,1.0,0.0243249242597273,1.2880862557664927,0.9225969389360344,0.225369978858351,0.22365447537134311,0.44274457760184827,1,1
frozenset({'JUMBO BAG WOODLAND ANIMALS'}),frozenset({'JUMBO BAG RED RETROSPOT'}),0.047635003071424584,0.11420115038811637,0.029764896409225444,0.6248534583821805,5.471516322371495,1.0,0.0243249242597273,2.361207558496677,0.8581114486574045,0.225369978858351,0.5764878879869945,0.44274457760184827,1,1
frozenset({'LUNCH BAG VINTAGE DOILY'}),frozenset({'LUNCH BAG RED RETROSPOT'}),0.032948009158429666,0.08599988831183336,0.015412966996146759,0.46779661016949153,5.439502531366938,1.0,0.012579441888424546,1.717388744891778,0.8439666809778111,0.1488673139158576,0.4177206512070071,0.3235086946951354,1,1
frozenset({'LUNCH BAG VINTAGE LEAF DESIGN'}),frozenset({'LUNCH BAG RED RETROSPOT'}),0.03668956274082761,0.08599988831183336,0.016976601329089184,0.4627092846270929,5.380347506374904,1.0,0.013821303031168006,1.7011276866264178,0.8451464530892447,0.16059165346011622,0.4121546501996305,0.33005594101484514,1,1
frozenset({'JUMBO STORAGE BAG SUKI'}),frozenset({'JUMBO BAG RED RETROSPOT'}),0.06578433015022059,0.11420115038811637,0.04026358407326744,0.6120543293718167,5.359441015188812,1.0,0.0327509378926006,2.2833064438573283,0.8706912154091548,0.28816946442845726,0.5620386380066272,0.48231078326781546,1,1
frozenset({'JUMBO BAG RED RETROSPOT'}),frozenset({'JUMBO STORAGE BAG SUKI'}),0.11420115038811637,0.06578433015022059,0.04026358407326744,0.3525672371638142,5.359441015188812,1.0,0.0327509378926006,1.4429539613616307,0.9182822684768472,0.28816946442845726,0.3069771962396092,0.48231078326781546,1,1
frozenset({'CHARLOTTE BAG SUKI DESIGN'}),frozenset({'LUNCH BAG SUKI DESIGN'}),0.04869604065449266,0.07108951806556095,0.01854023566203161,0.38073394495412843,5.355697370222764,1.0,0.015078457600202762,1.5000184078645016,0.8549138732800293,0.1831218974076117,0.33334151450604654,0.3207676009138278,1,1
frozenset({'LUNCH BAG SUKI DESIGN'}),frozenset({'CHARLOTTE BAG SUKI DESIGN'}),0.07108951806556095,0.04869604065449266,0.01854023566203161,0.2608012568735271,5.355697370222764,1.0,0.015078457600202762,1.2869393626427534,0.8755234959315439,0.1831218974076117,0.22296261267004697,0.3207676009138278,1,1
frozenset({'JUMBO BAG DOLLY GIRL DESIGN'}),frozenset({'JUMBO BAG RED RETROSPOT'}),0.02490646116044005,0.11420115038811637,0.015133746579549896,0.6076233183856501,5.320640959575471,1.0,0.012289400062930701,2.2575216395822855,0.8327946878346281,0.12207207207207209,0.5570363612616213,0.37007082789698154,1,1
frozenset({'JUMBO BAG OWLS'}),frozenset({'JUMBO BAG RED RETROSPOT'}),0.03585190149103702,0.11420115038811637,0.02172334841123583,0.6059190031152648,5.305717158330096,1.0,0.01762902001735798,2.2477583456554515,0.8417006336280736,0.16927763272410792,0.5551123180421792,0.39806952600751017,1,1
frozenset({'JUMBO SHOPPER VINTAGE RED PAISLEY'}),frozenset({'JUMBO BAG APPLES'}),0.06505835706706875,0.05372200815323616,0.01854023566203161,0.2849785407725322,5.304688908122385,1.0,0.015045170073238391,1.3234260030029772,0.8679552758879263,0.18495821727019499,0.24438540747204096,0.31504644294343864,1,1
frozenset({'JUMBO BAG APPLES'}),frozenset({'JUMBO SHOPPER VINTAGE RED PAISLEY'}),0.05372200815323616,0.06505835706706875,0.01854023566203161,0.34511434511434513,5.304688908122384,1.0,0.015045170073238391,1.4276410484150475,0.8575572280268906,0.18495821727019499,0.29954381662660245,0.31504644294343864,1,1
frozenset({'JUMBO BAG RED RETROSPOT'}),frozenset({'JUMBO BAG PINK VINTAGE PAISLEY'}),0.11420115038811637,0.047690847154743955,0.028592170659518624,0.2503667481662592,5.249786135144267,1.0,0.02314582105146304,1.2703667433584793,0.9138824805352415,0.21449518223711775,0.21282574089094022,0.4249491820456589,1,1
frozenset({'JUMBO BAG PINK VINTAGE PAISLEY'}),frozenset({'JUMBO BAG RED RETROSPOT'}),0.047690847154743955,0.11420115038811637,0.028592170659518624,0.5995316159250585,5.249786135144266,1.0,0.02314582105146304,2.211907068913885,0.850055937738228,0.21449518223711775,0.5479014403208942,0.4249491820456589,1,1
frozenset({'CHARLOTTE BAG PINK POLKADOT'}),frozenset({'LUNCH BAG BLACK SKULL.'}),0.04115708940637739,0.07025185681577037,0.015133746579549896,0.3677069199457259,5.234123859672587,1.0,0.012242384627619212,1.470438586967333,0.8436690185189563,0.1571925754060325,0.3199307955713925,0.2915641118011618,1,1
frozenset({'JUMBO STORAGE BAG SKULLS'}),frozenset({'JUMBO BAG RED RETROSPOT'}),0.03909085832356062,0.11420115038811637,0.023063606410900765,0.59,5.166322738386308,1.0,0.01859938542069127,2.1604849990533745,0.8392455573362438,0.17710120068610635,0.5371409658302861,0.39597799511002446,1,1
frozenset({'JUMBO SHOPPER VINTAGE RED PAISLEY'}),frozenset({'JUMBO BAG RED RETROSPOT'}),0.06505835706706875,0.11420115038811637,0.03775060032389568,0.5802575107296137,5.081012833562442,1.0,0.030320861104475592,2.110338772592729,0.8590791221312802,0.26677190213101815,0.5261424312593111,0.4554099289589389,1,1
frozenset({'JUMBO BAG RED RETROSPOT'}),frozenset({'JUMBO SHOPPER VINTAGE RED PAISLEY'}),0.11420115038811637,0.06505835706706875,0.03775060032389568,0.33056234718826405,5.081012833562441,1.0,0.030320861104475592,1.396607494373882,0.9067395449957063,0.26677190213101815,0.28397921103214935,0.4554099289589389,1,1
frozenset({'JUMBO BAG ALPHABET'}),frozenset({'JUMBO STORAGE BAG SUKI'}),0.04931032557100575,0.06578433015022059,0.016250628245937343,0.32955832389580975,5.009678188456931,1.0,0.013006781508759436,1.3934331697252622,0.8419007812701857,0.16440677966101694,0.2823480725687289,0.28829359318729364,1,1
frozenset({'CHARLOTTE BAG SUKI DESIGN'}),frozenset({'LUNCH BAG BLACK SKULL.'}),0.04869604065449266,0.07025185681577037,0.016920757245769812,0.3474770642201835,4.946161994428319,1.0,0.013499769970215462,1.4248512844580812,0.8386625865404268,0.16584564860426934,0.2981723700517044,0.2941677848922857,1,1
frozenset({'JUMBO BAG APPLES'}),frozenset({'JUMBO BAG RED RETROSPOT'}),0.05372200815323616,0.11420115038811637,0.03021164907578042,0.5623700623700624,4.924381763746068,1.0,0.024076533943521085,2.0240819318922374,0.8421719938760227,0.21938361719383617,0.5059488530362317,0.413458869815838,1,1
frozenset({'JUMBO BAG RED RETROSPOT'}),frozenset({'JUMBO BAG APPLES'}),0.11420115038811637,0.05372200815323616,0.03021164907578042,0.2645476772616137,4.924381763746068,1.0,0.024076533943521085,1.2866612322650481,0.899672452164242,0.21938361719383617,0.22279464483468378,0.413458869815838,1,1
frozenset({'LUNCH BAG ALPHABET DESIGN'}),frozenset({'LUNCH BAG RED RETROSPOT'}),0.04037527223990618,0.08599988831183336,0.017088289495727927,0.4232365145228215,4.921361211402704,1.0,0.013616020592536129,1.5847052296176125,0.8303289425639903,0.15636177823198774,0.36896781728845635,0.3109689066120601,1,1
frozenset({'CHARLOTTE BAG SUKI DESIGN'}),frozenset({'LUNCH BAG CARS BLUE'}),0.04869604065449266,0.06315965823421009,0.015133746579549896,0.3107798165137614,4.920543036526901,1.0,0.01205812129445294,1.359275836971329,0.8375560626753904,0.1564665127020785,0.26431414963709615,0.2751953901313281,1,1
frozenset({'RECIPE BOX PANTRY YELLOW DESIGN'}),frozenset({'JAM MAKING SET WITH JARS'}),0.06014407773496398,0.060646674484838334,0.01787010666219914,0.2971216341689879,4.899223851808532,1.0,0.014222568357615966,1.336437954530818,0.8468170677361854,0.17362995116657623,0.25174229255478664,0.29589046717657497,1,1
frozenset({'JAM MAKING SET WITH JARS'}),frozenset({'RECIPE BOX PANTRY YELLOW DESIGN'}),0.060646674484838334,0.06014407773496398,0.01787010666219914,0.29465930018416203,4.899223851808532,1.0,0.014222568357615966,1.3324850281721006,0.8472701533797039,0.17362995116657623,0.2495225245631485,0.29589046717657497,1,1
frozenset({'CHARLOTTE BAG SUKI DESIGN'}),frozenset({'JUMBO STORAGE BAG SUKI'}),0.04869604065449266,0.06578433015022059,0.01569218741274362,0.32224770642201833,4.89854811451535,1.0,0.01248875099731991,1.378402815751282,0.8365968327715494,0.15884680610514415,0.2745226659632424,0.2803938022772231,1,1
frozenset({'WOODLAND CHARLOTTE BAG'}),frozenset({'LUNCH BAG BLACK SKULL.'}),0.04601552465516279,0.07025185681577037,0.015803875579382363,0.34344660194174753,4.888790382329788,1.0,0.012571199530005316,1.4161043807464049,0.8338190447842574,0.15730961645358532,0.2938373656658582,0.28420342815688326,1,1
frozenset({'RECYCLING BAG RETROSPOT'}),frozenset({'JUMBO BAG RED RETROSPOT'}),0.041436309822974256,0.11420115038811637,0.023119450494220137,0.5579514824797843,4.885690560765525,1.0,0.018387376244598068,2.0038498366220048,0.8297003648869807,0.17446270543615675,0.5009606100596077,0.38019823512742273,1,1
frozenset({'LUNCH BAG BLACK SKULL.'}),frozenset({'RED RETROSPOT CHARLOTTE BAG'}),0.07025185681577037,0.05729602948567599,0.01954542916178031,0.2782193958664547,4.8558233155756385,1.0,0.015520276702240444,1.3060810516597132,0.8540610761693109,0.18097207859358844,0.2343507328819741,0.3096750000774769,1,1
frozenset({'RED RETROSPOT CHARLOTTE BAG'}),frozenset({'LUNCH BAG BLACK SKULL.'}),0.05729602948567599,0.07025185681577037,0.01954542916178031,0.34113060428849906,4.855823315575638,1.0,0.015520276702240444,1.4111266196849404,0.8423234913300669,0.18097207859358844,0.2913463710129228,0.3096750000774769,1,1
frozenset({'STRAWBERRY CHARLOTTE BAG'}),frozenset({'LUNCH BAG RED RETROSPOT'}),0.039984363656670574,0.08599988831183336,0.016641536829172947,0.41620111731843573,4.839554160922876,1.0,0.013202886020479549,1.5656078468151369,0.8264129935322017,0.15219611848825332,0.3612704471082806,0.30485380541246465,1,1
frozenset({'PINK REGENCY TEACUP AND SAUCER'}),frozenset({'REGENCY CAKESTAND 3 TIER'}),0.04076618082314179,0.10509856480705869,0.020662310828167756,0.5068493150684932,4.822609290611853,1.0,0.016377843730990514,1.8146612435856866,0.82632967717674,0.1650312221231044,0.4489329600581284,0.3517243387244698,1,1
frozenset({'CHARLOTTE BAG PINK POLKADOT'}),frozenset({'LUNCH BAG RED RETROSPOT'}),0.04115708940637739,0.08599988831183336,0.016920757245769812,0.4111261872455903,4.780543269484926,1.0,0.013381252153581217,1.5521153970372785,0.8247636237124004,0.15349544072948332,0.35571800788212776,0.3039397169994186,1,1
frozenset({'RECIPE BOX PANTRY YELLOW DESIGN'}),frozenset({'SET OF 3 CAKE TINS PANTRY DESIGN'}),0.06014407773496398,0.07466353939800079,0.02127659574468085,0.3537604456824513,4.738061556346787,1.0,0.016786026027159943,1.4318784023970592,0.8394299643025904,0.18740777176586323,0.30161667476376913,0.3193633941202084,1,1
frozenset({'SET OF 3 CAKE TINS PANTRY DESIGN'}),frozenset({'RECIPE BOX PANTRY YELLOW DESIGN'}),0.07466353939800079,0.06014407773496398,0.02127659574468085,0.2849663425579656,4.738061556346787,1.0,0.016786026027159943,1.3144219331258924,0.8526014664582133,0.18740777176586323,0.23920928676087283,0.3193633941202084,1,1
frozenset({'SET OF 4 PANTRY JELLY MOULDS'}),frozenset({'JAM MAKING SET WITH JARS'}),0.05863628748534093,0.060646674484838334,0.016809069079131066,0.2866666666666667,4.72683241252302,1.0,0.013252973239008195,1.316850456329666,0.8375528212004949,0.16403269754768393,0.24061232982581296,0.28191528545119704,1,1
frozenset({'JAM MAKING SET WITH JARS'}),frozenset({'SET OF 4 PANTRY JELLY MOULDS'}),0.060646674484838334,0.05863628748534093,0.016809069079131066,0.2771639042357274,4.726832412523019,1.0,0.013252973239008195,1.302319734765503,0.8393453366016731,0.16403269754768393,0.23213940992757728,0.28191528545119704,1,1
frozenset({'WOODLAND CHARLOTTE BAG'}),frozenset({'PACK OF 72 RETROSPOT CAKE CASES'}),0.04601552465516279,0.0714245825654772,0.015524655162785502,0.337378640776699,4.723564754017473,1.0,0.012238015522759077,1.4013665640403785,0.8263189834481417,0.15232876712328766,0.2864108323543631,0.27736797558772397,1,1
frozenset({'RECIPE BOX PANTRY YELLOW DESIGN'}),frozenset({'JAM MAKING SET PRINTED'}),0.06014407773496398,0.061931088401183894,0.017590886245602278,0.29247910863509746,4.722654101288269,1.0,0.013866098050590548,1.325853304188878,0.838697337520867,0.16835916622127203,0.24576874617982442,0.2882593920091628,1,1
frozenset({'JAM MAKING SET PRINTED'}),frozenset({'RECIPE BOX PANTRY YELLOW DESIGN'}),0.061931088401183894,0.06014407773496398,0.017590886245602278,0.2840396753832281,4.722654101288269,1.0,0.013866098050590548,1.3127206773198048,0.8402950464624473,0.16835916622127203,0.23822331949420472,0.2882593920091628,1,1
frozenset({'REGENCY CAKESTAND 3 TIER'}),frozenset({'GREEN REGENCY TEACUP AND SAUCER'}),0.10509856480705869,0.05433629306974926,0.02686100407661808,0.2555791710945802,4.703654899065414,1.0,0.021150337658051705,1.2703348297235775,0.8798727300443369,0.20261162594776747,0.21280596532364757,0.3749632751670229,1,1
frozenset({'GREEN REGENCY TEACUP AND SAUCER'}),frozenset({'REGENCY CAKESTAND 3 TIER'}),0.05433629306974926,0.10509856480705869,0.02686100407661808,0.4943473792394655,4.7036548990654135,1.0,0.021150337658051705,1.7697949114689668,0.8326420514326504,0.20261162594776747,0.4349627781616916,0.3749632751670229,1,1
frozenset({'SUKI SHOULDER BAG'}),frozenset({'JUMBO BAG RED RETROSPOT'}),0.029429831909309208,0.11420115038811637,0.01569218741274362,0.5332068311195447,4.669014535382733,1.0,0.012331266752971613,1.8976259908352144,0.8096499023297528,0.12265386294194676,0.47302576754871306,0.33530757203899,1,1
frozenset({'PARTY BUNTING'}),frozenset({'SPOTTY BUNTING'}),0.09158429664377059,0.061931088401183894,0.026414251410063105,0.2884146341463415,4.657025116013108,1.0,0.020742336238457497,1.3182802185278992,0.8644397514988709,0.2078207381370826,0.24143593604348954,0.35746250192438805,1,1
frozenset({'SPOTTY BUNTING'}),frozenset({'PARTY BUNTING'}),0.061931088401183894,0.09158429664377059,0.026414251410063105,0.4265103697024346,4.6570251160131075,1.0,0.020742336238457497,1.584014174562985,0.8371140277194984,0.2078207381370826,0.36869251799726416,0.35746250192438805,1,1
frozenset({'LUNCH BAG CARS BLUE'}),frozenset({'RED RETROSPOT CHARLOTTE BAG'}),0.06315965823421009,0.05729602948567599,0.016809069079131066,0.2661361626878868,4.644932032409346,1.0,0.013190271438638546,1.2845761333153018,0.8376150789690066,0.16217672413793105,0.22153310024595635,0.27975424118799797,1,1
frozenset({'RED RETROSPOT CHARLOTTE BAG'}),frozenset({'LUNCH BAG CARS BLUE'}),0.05729602948567599,0.06315965823421009,0.016809069079131066,0.2933723196881091,4.644932032409345,1.0,0.013190271438638546,1.3257906077954487,0.8324051042464341,0.16217672413793105,0.2457330787228761,0.27975424118799797,1,1
frozenset({'LUNCH BAG APPLE DESIGN'}),frozenset({'RED RETROSPOT CHARLOTTE BAG'}),0.05701680906907913,0.05729602948567599,0.015133746579549896,0.26542605288932414,4.632538332445543,1.0,0.01186690980594878,1.283334338526833,0.8315478269078558,0.15259009009009009,0.2207798311171807,0.264779303247781,1,1
frozenset({'RED RETROSPOT CHARLOTTE BAG'}),frozenset({'LUNCH BAG APPLE DESIGN'}),0.05729602948567599,0.05701680906907913,0.015133746579549896,0.2641325536062378,4.632538332445543,1.0,0.01186690980594878,1.2814579521789733,0.8317941238769061,0.15259009009009009,0.21963885096688973,0.264779303247781,1,1
frozenset({'WOODLAND CHARLOTTE BAG'}),frozenset({'LUNCH BAG SUKI DESIGN'}),0.04601552465516279,0.07108951806556095,0.015133746579549896,0.32888349514563103,4.626328945461756,1.0,0.011862525108280435,1.3841270110560175,0.8216547686755331,0.1484118291347207,0.27752294983604753,0.27088322439920987,1,1
frozenset({'ROSES REGENCY TEACUP AND SAUCER'}),frozenset({'REGENCY CAKESTAND 3 TIER'}),0.05634668006924666,0.10509856480705869,0.02730775674317306,0.4846382556987116,4.611273775131153,1.0,0.02138580153625274,1.7364529771339958,0.8299024267099047,0.2035803497085762,0.42411340061134656,0.37223411190886696,1,1
frozenset({'REGENCY CAKESTAND 3 TIER'}),frozenset({'ROSES REGENCY TEACUP AND SAUCER'}),0.10509856480705869,0.05634668006924666,0.02730775674317306,0.2598299681190223,4.611273775131153,1.0,0.02138580153625274,1.274914248463516,0.8751133358217765,0.2035803497085762,0.21563352107393377,0.37223411190886696,1,1
frozenset({'CHARLOTTE BAG SUKI DESIGN'}),frozenset({'LUNCH BAG RED RETROSPOT'}),0.04869604065449266,0.08599988831183336,0.019210364661864075,0.39449541284403666,4.587161920648159,1.0,0.015022510604349209,1.509485032939548,0.8220298837550597,0.16634429400386846,0.33752241448024467,0.30893601811033,1,1
frozenset({'JUMBO BAG ALPHABET'}),frozenset({'JUMBO BAG PINK POLKADOT'}),0.04931032557100575,0.06751549673312113,0.015133746579549896,0.3069082672706681,4.545745526894834,1.0,0.011804535454551518,1.3453983927853823,0.8204718149155176,0.1488193300384404,0.2567257361370136,0.26553022958239775,1,1
frozenset({'JAM MAKING SET WITH JARS'}),frozenset({'SET OF 3 CAKE TINS PANTRY DESIGN'}),0.060646674484838334,0.07466353939800079,0.02055062266152901,0.33885819521178634,4.538469485158906,1.0,0.016022527291772552,1.3996036158966174,0.8299980226580127,0.17907542579075425,0.28551199165102337,0.3070506383687952,1,1
frozenset({'SET OF 3 CAKE TINS PANTRY DESIGN'}),frozenset({'JAM MAKING SET WITH JARS'}),0.07466353939800079,0.060646674484838334,0.02055062266152901,0.275243081525804,4.538469485158906,1.0,0.016022527291772552,1.2960943201380508,0.8425707144918788,0.17907542579075425,0.22845121341671554,0.3070506383687952,1,1
frozenset({'LUNCH BAG PINK POLKADOT'}),frozenset({'RED RETROSPOT CHARLOTTE BAG'}),0.05986485731836712,0.05729602948567599,0.01518959066286927,0.2537313432835821,4.428428035262286,1.0,0.011759572032800321,1.2632233204891943,0.8234839881898706,0.1489594742606791,0.20837433589118565,0.25941927787960783,1,1
frozenset({'RED RETROSPOT CHARLOTTE BAG'}),frozenset({'LUNCH BAG PINK POLKADOT'}),0.05729602948567599,0.05986485731836712,0.01518959066286927,0.2651072124756335,4.428428035262285,1.0,0.011759572032800321,1.2792820376543175,0.8212400296887904,0.1489594742606791,0.2183115446273341,0.25941927787960783,1,1
frozenset({'RED RETROSPOT CHARLOTTE BAG'}),frozenset({'LUNCH BAG RED RETROSPOT'}),0.05729602948567599,0.08599988831183336,0.0217791924945552,0.38011695906432746,4.419970380496696,1.0,0.016851740358075556,1.4744718782894006,0.8207816707905566,0.1792279411764706,0.32179106653417927,0.31668185615554034,1,1
frozenset({'LUNCH BAG RED RETROSPOT'}),frozenset({'RED RETROSPOT CHARLOTTE BAG'}),0.08599988831183336,0.05729602948567599,0.0217791924945552,0.2532467532467532,4.419970380496696,1.0,0.016851740358075556,1.2624035779061382,0.8465580365745333,0.1792279411764706,0.2078602932521539,0.31668185615554034,1,1
frozenset({'RED RETROSPOT SHOPPER BAG'}),frozenset({'JUMBO BAG RED RETROSPOT'}),0.03183112749204222,0.11420115038811637,0.016027251912659853,0.5035087719298245,4.408964097284776,1.0,0.012392100534917834,1.7841178243066202,0.7986100099302231,0.12328178694158075,0.4394989017114718,0.3219255351091665,1,1
frozenset({'RED RETROSPOT CHARLOTTE BAG'}),frozenset({'LUNCH BAG SPACEBOY DESIGN'}),0.05729602948567599,0.06405316356732005,0.0161389400792986,0.28167641325536064,4.397541004501955,1.0,0.012468948130894603,1.3029599106918992,0.8195575829093907,0.15339702760084925,0.23251667853005625,0.2668190261568869,1,1
frozenset({'LUNCH BAG SPACEBOY DESIGN'}),frozenset({'RED RETROSPOT CHARLOTTE BAG'}),0.06405316356732005,0.05729602948567599,0.0161389400792986,0.25196163905841323,4.397541004501955,1.0,0.012468948130894603,1.260234795081503,0.8254744365807534,0.15339702760084925,0.2064970718926015,0.2668190261568869,1,1
frozenset({'JUMBO BAG VINTAGE DOILY'}),frozenset({'JUMBO BAG RED RETROSPOT'}),0.0389233260736025,0.11420115038811637,0.01954542916178031,0.5021520803443329,4.397084255611721,1.0,0.01510034054724314,1.779255902534533,0.8038656927035777,0.14632107023411375,0.437967299377504,0.3366506122993058,1,1
frozenset({'CHARLOTTE BAG SUKI DESIGN'}),frozenset({'PACK OF 72 RETROSPOT CAKE CASES'}),0.04869604065449266,0.0714245825654772,0.01524543474618864,0.3130733944954128,4.383272302759466,1.0,0.011767340369849996,1.35178257763423,0.8113704708362764,0.14536741214057505,0.26023606418266526,0.2632607003751497,1,1
frozenset({'RED RETROSPOT CHARLOTTE BAG'}),frozenset({'PACK OF 72 RETROSPOT CAKE CASES'}),0.05729602948567599,0.0714245825654772,0.017814262578879768,0.310916179337232,4.353069603902902,1.0,0.013721917590206087,1.3475507472246397,0.8170932466784363,0.16062437059415913,0.2579129193764622,0.2801648918578263,1,1
frozenset({'RED RETROSPOT CHARLOTTE BAG'}),frozenset({'LUNCH BAG SUKI DESIGN'}),0.05729602948567599,0.07108951806556095,0.017702574412241025,0.30896686159844056,4.346166214173822,1.0,0.013629427289034149,1.3442343504439132,0.8167061805995093,0.1599394550958628,0.25608209634743745,0.27899246457769633,1,1
frozenset({'JUMBO STORAGE BAG SUKI'}),frozenset({'LUNCH BAG SUKI DESIGN'}),0.06578433015022059,0.07108951806556095,0.02027140224493215,0.3081494057724957,4.334667249935649,1.0,0.015594825918287217,1.3426460708205756,0.8234734325029349,0.1738505747126437,0.25520208062811595,0.2966512936168056,1,1
frozenset({'LUNCH BAG SUKI DESIGN'}),frozenset({'JUMBO STORAGE BAG SUKI'}),0.07108951806556095,0.06578433015022059,0.02027140224493215,0.28515318146111546,4.334667249935649,1.0,0.015594825918287217,1.3068753271634825,0.8281764489804977,0.1738505747126437,0.234816069126917,0.2966512936168056,1,1
frozenset({'WOODLAND CHARLOTTE BAG'}),frozenset({'LUNCH BAG RED RETROSPOT'}),0.04601552465516279,0.08599988831183336,0.0171441335790473,0.37257281553398053,4.332247667381162,1.0,0.013186803598092885,1.4567429246248533,0.8062740621998631,0.149246475449684,0.3135370811857389,0.28596173244231493,1,1
frozenset({'JUMBO BAG PEARS'}),frozenset({'JUMBO BAG RED RETROSPOT'}),0.0326687887418328,0.11420115038811637,0.016027251912659853,0.49059829059829063,4.295913735815937,1.0,0.012296438656556202,1.7389004262515166,0.7931312902124024,0.12249253094323519,0.42492394337054534,0.3154702944433996,1,1
frozenset({'JUMBO BAG VINTAGE LEAF'}),frozenset({'JUMBO BAG RED RETROSPOT'}),0.04791422348802144,0.11420115038811637,0.02345451499413637,0.4895104895104895,4.286388428197719,1.0,0.017982655551851016,1.7351950067739637,0.8052881191188425,0.16915022150624245,0.4236958981001346,0.34744473130781195,1,1
frozenset({'SET OF 4 PANTRY JELLY MOULDS'}),frozenset({'RECIPE BOX PANTRY YELLOW DESIGN'}),0.05863628748534093,0.06014407773496398,0.015022058412911153,0.2561904761904762,4.259612680726887,1.0,0.011495432980303113,1.263570702148896,0.812902453240499,0.14477933261571582,0.20859197012138186,0.2529791749568908,1,1
frozenset({'SET/20 RED RETROSPOT PAPER NAPKINS'}),frozenset({'PACK OF 72 RETROSPOT CAKE CASES'}),0.05366616406991679,0.0714245825654772,0.016250628245937343,0.3028095733610822,4.239570781999139,1.0,0.012417544879353126,1.3318820539620544,0.807460366322294,0.14930733709594662,0.2491827658273334,0.2651655372669367,1,1
frozenset({'SET OF 4 PANTRY JELLY MOULDS'}),frozenset({'JAM MAKING SET PRINTED'}),0.05863628748534093,0.061931088401183894,0.015133746579549896,0.2580952380952381,4.167458456782172,1.0,0.011502337475778014,1.2644061067763248,0.8073878229438994,0.14353813559322032,0.209114860612658,0.25122976512516637,1,1
frozenset({'LUNCH BAG PINK POLKADOT'}),frozenset({'JUMBO BAG PINK POLKADOT'}),0.05986485731836712,0.06751549673312113,0.016809069079131066,0.28078358208955223,4.158801988815229,1.0,0.012767263500424089,1.2965283884592662,0.8079116537588298,0.15202020202020206,0.22870952236660747,0.26487483488265867,1,1
frozenset({'RED RETROSPOT CHARLOTTE BAG'}),frozenset({'JUMBO STORAGE BAG SUKI'}),0.05729602948567599,0.06578433015022059,0.01546881107946613,0.2699805068226121,4.104024563389231,1.0,0.011699630159483648,1.279713320782208,0.8023056703785706,0.14374675661650232,0.21857498569385586,0.25256240960825005,1,1
frozenset({'JUMBO BAG ALPHABET'}),frozenset({'JUMBO BAG RED RETROSPOT'}),0.04931032557100575,0.11420115038811637,0.022951918244262022,0.4654586636466591,4.07577911487566,1.0,0.017320622338040614,1.6571194580662991,0.7937901894334376,0.1632896305125149,0.3965432032480598,0.3332183293783418,1,1
frozenset({'JAM MAKING SET PRINTED'}),frozenset({'SET OF 3 CAKE TINS PANTRY DESIGN'}),0.061931088401183894,0.07466353939800079,0.018707767911989723,0.30207394048692515,4.045802582123686,1.0,0.01408377365318686,1.3258373834723736,0.8025319289965223,0.15869256276646135,0.24575968933611153,0.2763174489270826,1,1
frozenset({'SET OF 3 CAKE TINS PANTRY DESIGN'}),frozenset({'JAM MAKING SET PRINTED'}),0.07466353939800079,0.061931088401183894,0.018707767911989723,0.25056095736724004,4.045802582123685,1.0,0.01408377365318686,1.251694745316983,0.8135746133544708,0.15869256276646135,0.20108316844714655,0.2763174489270826,1,1
frozenset({'SET OF 4 PANTRY JELLY MOULDS'}),frozenset({'SET OF 3 CAKE TINS PANTRY DESIGN'}),0.05863628748534093,0.07466353939800079,0.01641816049589546,0.28,3.7501570680628276,1.0,0.012040167735081209,1.285189528613888,0.7790235510470428,0.14046822742474918,0.22190464695232348,0.2499476439790576,1,1
frozenset({'RED RETROSPOT CHARLOTTE BAG'}),frozenset({'JUMBO BAG RED RETROSPOT'}),0.05729602948567599,0.11420115038811637,0.02367789132741386,0.41325536062378165,3.618661976865554,1.0,0.017134618847478224,1.5096837536574628,0.7676373348176414,0.16018133736305248,0.337609616863577,0.31029516197448254,1,1
frozenset({'JUMBO STORAGE BAG SUKI'}),frozenset({'LUNCH BAG RED RETROSPOT'}),0.06578433015022059,0.08599988831183336,0.01904283241190596,0.2894736842105263,3.365977443609023,1.0,0.013385387366318217,1.2863705275611235,0.7524060015541874,0.143458140513252,0.22261900550851682,0.2554511278195489,1,1
frozenset({'CHARLOTTE BAG PINK POLKADOT'}),frozenset({'JUMBO BAG RED RETROSPOT'}),0.04115708940637739,0.11420115038811637,0.01563634332942425,0.3799185888738128,3.326749227854947,1.0,0.010936156372589392,1.4285202454353572,0.7294273650054082,0.11191047162270187,0.29997491936473114,0.2584189521386179,1,1
frozenset({'SET OF 3 REGENCY CAKE TINS'}),frozenset({'REGENCY CAKESTAND 3 TIER'}),0.046294745071759645,0.10509856480705869,0.01597140782934048,0.34499396863691195,3.2825754497243267,1.0,0.01110589656418989,1.3662491524400522,0.7291153629132316,0.11793814432989691,0.26806907933735924,0.2484799811303582,1,1
frozenset({'JUMBO BAG APPLES'}),frozenset({'LUNCH BAG RED RETROSPOT'}),0.05372200815323616,0.08599988831183336,0.015077902496230524,0.2806652806652807,3.2635540135540135,1.0,0.010457815795164813,1.2706186523757463,0.7329617608165853,0.12096774193548387,0.21298180368260408,0.227994977994978,1,1
frozenset({'LUNCH BAG RED RETROSPOT'}),frozenset({'JUMBO BAG RED RETROSPOT'}),0.08599988831183336,0.11420115038811637,0.031998659742000335,0.3720779220779221,3.258092592004573,1.0,0.02217737356353944,1.4106827594646338,0.7582843185394865,0.1902390438247012,0.2911233987296275,0.32613676054996354,1,1
frozenset({'JUMBO BAG RED RETROSPOT'}),frozenset({'LUNCH BAG RED RETROSPOT'}),0.11420115038811637,0.08599988831183336,0.031998659742000335,0.2801955990220049,3.258092592004573,1.0,0.02217737356353944,1.2697895573385194,0.782425888383292,0.1902390438247012,0.21246792886216423,0.32613676054996354,1,1
frozenset({'CHARLOTTE BAG SUKI DESIGN'}),frozenset({'JUMBO BAG RED RETROSPOT'}),0.04869604065449266,0.11420115038811637,0.01809348299547663,0.3715596330275229,3.2535542047060404,1.0,0.012532339133387084,1.4095193373386175,0.7280993742005385,0.12495179328962594,0.2905382895362409,0.26499742042574187,1,1
frozenset({'HEART OF WICKER LARGE'}),frozenset({'WHITE HANGING HEART T-LIGHT HOLDER'}),0.05109733623722566,0.12174010163623164,0.019768805495057797,0.38688524590163936,3.177960595578283,1.0,0.013548210588197242,1.4324559839622961,0.7222371843978421,0.12914994527544693,0.30189827038600214,0.2746352835012784,1,1
frozenset({'WOODLAND CHARLOTTE BAG'}),frozenset({'JUMBO BAG RED RETROSPOT'}),0.04601552465516279,0.11420115038811637,0.016585692745853576,0.3604368932038835,3.1561581645975267,1.0,0.011330666894521254,1.3850061709301558,0.7161113367868621,0.11547433903576983,0.27798155633601956,0.25283458352125715,1,1
frozenset({'JUMBO BAG PINK POLKADOT'}),frozenset({'LUNCH BAG RED RETROSPOT'}),0.06751549673312113,0.08599988831183336,0.018037638912157258,0.2671629445822994,3.1065499017111917,1.0,0.01223131373379089,1.247207827348751,0.7271965237860561,0.13314097279472384,0.19820900889810197,0.23845160216127959,1,1
frozenset({'RED TOADSTOOL LED NIGHT LIGHT'}),frozenset({'JUMBO BAG RED RETROSPOT'}),0.04651812140503714,0.11420115038811637,0.01641816049589546,0.3529411764705882,3.0905220768013804,1.0,0.01110573751754616,1.3689618584910928,0.7094314942798017,0.11377708978328174,0.26951945826874435,0.24835322882209115,1,1
frozenset({'PACK OF 72 RETROSPOT CAKE CASES'}),frozenset({'LUNCH BAG RED RETROSPOT'}),0.0714245825654772,0.08599988831183336,0.01887530016194784,0.2642689601250977,3.072898875948133,1.0,0.012732794038597482,1.2423019583944368,0.7264616039388897,0.1362353889560661,0.1950427243208972,0.2418747398028086,1,1
frozenset({'WOODEN PICTURE FRAME WHITE FINISH'}),frozenset({'WHITE HANGING HEART T-LIGHT HOLDER'}),0.06087005081811582,0.12174010163623164,0.022616853744345786,0.37155963302752293,3.052072636983419,1.0,0.015206527571145781,1.397523049951106,0.7159326577970411,0.1413612565445026,0.28444829583670456,0.2786697247706422,1,1
frozenset({'LUNCH BAG PINK POLKADOT'}),frozenset({'JUMBO BAG RED RETROSPOT'}),0.05986485731836712,0.11420115038811637,0.02004802591165466,0.33488805970149255,2.932440334999818,1.0,0.013211390338076686,1.331804160987292,0.7009493254618602,0.1301667875271936,0.24913885292363053,0.25521909097544065,1,1
frozenset({'WOODEN FRAME ANTIQUE WHITE'}),frozenset({'WHITE HANGING HEART T-LIGHT HOLDER'}),0.05338694365331993,0.12174010163623164,0.018707767911989723,0.35041841004184093,2.8784139764308465,1.0,0.012208435965586784,1.3520393926501812,0.6893909310153851,0.11960014280614065,0.260376579679484,0.2520440674062416,1,1
frozenset({'LUNCH BAG SUKI DESIGN'}),frozenset({'JUMBO BAG RED RETROSPOT'}),0.07108951806556095,0.11420115038811637,0.02244932149438767,0.31578947368421056,2.7652039634538674,1.0,0.01433081675076383,1.2946290878942917,0.6872169452126168,0.13786008230452676,0.22757799175785895,0.2561832453995625,1,1
frozenset({'NATURAL SLATE HEART CHALKBOARD'}),frozenset({'WHITE HANGING HEART T-LIGHT HOLDER'}),0.06874406656614732,0.12174010163623164,0.022951918244262022,0.33387489845653945,2.742521929661125,1.0,0.014583008593611375,1.3184608962021938,0.6822744226736677,0.137,0.24153988724240172,0.2612035042741413,1,1
frozenset({'HEART OF WICKER SMALL'}),frozenset({'WHITE HANGING HEART T-LIGHT HOLDER'}),0.06572848606690121,0.12174010163623164,0.02127659574468085,0.32370433305012747,2.6589786660223087,1.0,0.013274803170500662,1.2986330406710496,0.6678098815053976,0.1280241935483871,0.22995952768669375,0.2492374876259812,1,1
frozenset({'LUNCH BAG BLACK SKULL.'}),frozenset({'JUMBO BAG RED RETROSPOT'}),0.07025185681577037,0.11420115038811637,0.0207739989948065,0.2957074721780604,2.5893563346173734,1.0,0.01275115612954429,1.2577143936927195,0.660182696884504,0.1269191402251791,0.2049069287790019,0.23880728132130408,1,1
frozenset({'SET/20 RED RETROSPOT PAPER NAPKINS'}),frozenset({'JUMBO BAG RED RETROSPOT'}),0.05366616406991679,0.11420115038811637,0.01563634332942425,0.2913631633714881,2.551315484837769,1.0,0.009507605655722354,1.2500039566476069,0.6425273136517679,0.10271460014673517,0.200002532246453,0.21414123938745555,1,1
frozenset({'ALARM CLOCK BAKELIKE RED'}),frozenset({'REGENCY CAKESTAND 3 TIER'}),0.05729602948567599,0.10509856480705869,0.01518959066286927,0.2651072124756335,2.522462727843342,1.0,0.009167860194781805,1.21773060014318,0.6402455597486907,0.1031866464339909,0.17880030288930854,0.20481715565333217,1,1
frozenset({'PACK OF 72 RETROSPOT CAKE CASES'}),frozenset({'REGENCY CAKESTAND 3 TIER'}),0.0714245825654772,0.10509856480705869,0.018931144245267213,0.26505082095387017,2.5219261694053947,1.0,0.011424523125692294,1.2176371655444382,0.649896254886558,0.12012756909992911,0.17873728866277397,0.2225891724323017,1,1
frozenset({'LUNCH BAG WOODLAND'}),frozenset({'JUMBO BAG RED RETROSPOT'}),0.05584408331937231,0.11420115038811637,0.016083095995979225,0.288,2.5218660146699268,1.0,0.009705637438537086,1.244099507881859,0.6391616227335161,0.10446137105549509,0.19620577480771653,0.21441564792176038,1,1
frozenset({'LUNCH BAG APPLE DESIGN'}),frozenset({'JUMBO BAG RED RETROSPOT'}),0.05701680906907913,0.11420115038811637,0.01641816049589546,0.2879529872673849,2.52145434865382,1.0,0.009906775308747038,1.2440173665113248,0.6398878513859648,0.10606060606060606,0.19615270098329726,0.21585913422048952,1,1
frozenset({'RECIPE BOX PANTRY YELLOW DESIGN'}),frozenset({'REGENCY CAKESTAND 3 TIER'}),0.06014407773496398,0.10509856480705869,0.01591556374602111,0.2646239554317549,2.5178645961298805,1.0,0.009594507494432223,1.2169303607358557,0.6414153923132252,0.10658189977561705,0.17826029141444208,0.20802929971375206,1,1
frozenset({'LUNCH BAG CARS BLUE'}),frozenset({'JUMBO BAG RED RETROSPOT'}),0.06315965823421009,0.11420115038811637,0.01792595074551851,0.2838196286472148,2.485260679797397,1.0,0.010713045117051453,1.236837652976593,0.6379184326518971,0.11243432574430823,0.19148645127888514,0.2203939219030695,1,1
frozenset({'GREEN REGENCY TEACUP AND SAUCER'}),frozenset({'JUMBO BAG RED RETROSPOT'}),0.05433629306974926,0.11420115038811637,0.015022058412911153,0.276464542651593,2.4208560221330444,1.0,0.008816791236519952,1.224264603227788,0.6206466127186107,0.09785376500545653,0.18318311469310777,0.20400244247494076,1,1
frozenset({'JAM MAKING SET PRINTED'}),frozenset({'JUMBO BAG RED RETROSPOT'}),0.061931088401183894,0.11420115038811637,0.017032445412408555,0.2750225428313796,2.4082291806755576,1.0,0.009959843872205224,1.2218295077357946,0.623362656366195,0.10705510705510707,0.1815552058051642,0.21208339855505412,1,1
frozenset({'JAM MAKING SET PRINTED'}),frozenset({'REGENCY CAKESTAND 3 TIER'}),0.061931088401183894,0.10509856480705869,0.01563634332942425,0.25247971145175835,2.4023135988133033,1.0,0.009127474821520744,1.197160062278615,0.6222726344973042,0.10328292143120621,0.16468980923348747,0.20062880365361563,1,1
frozenset({'VICTORIAN GLASS HANGING T-LIGHT'}),frozenset({'WHITE HANGING HEART T-LIGHT HOLDER'}),0.05657005640252415,0.12174010163623164,0.01597140782934048,0.28232971372161897,2.319118432850014,1.0,0.009084563413329836,1.2237651678713857,0.602908219991208,0.09838321293429653,0.1828497605145947,0.20676118713603886,1,1
frozenset({'RECIPE BOX PANTRY YELLOW DESIGN'}),frozenset({'JUMBO BAG RED RETROSPOT'}),0.06014407773496398,0.11420115038811637,0.015748031496062992,0.2618384401114206,2.2927828592054813,1.0,0.008879508629697809,1.2000067434364763,0.5999311007446178,0.09929577464788733,0.1666713495823483,0.19986787531243402,1,1
frozenset({'WOODEN PICTURE FRAME WHITE FINISH'}),frozenset({'JUMBO BAG RED RETROSPOT'}),0.06087005081811582,0.11420115038811637,0.01591556374602111,0.2614678899082569,2.2895381440523996,1.0,0.00896413391840918,1.199404653511743,0.599736690838114,0.09999999999999999,0.16625302638930506,0.20041609654337053,1,1
frozenset({'JAM MAKING SET WITH JARS'}),frozenset({'JUMBO BAG RED RETROSPOT'}),0.060646674484838334,0.11420115038811637,0.015803875579382363,0.2605893186003683,2.2818449526536897,1.0,0.0088779555860002,1.1979795151662584,0.598026444733079,0.0993679775280899,0.16526118573804033,0.199487813334414,1,1
frozenset({'NATURAL SLATE HEART CHALKBOARD'}),frozenset({'JUMBO BAG RED RETROSPOT'}),0.06874406656614732,0.11420115038811637,0.017702574412241025,0.2575142160844842,2.254917881381349,1.0,0.009851922928029753,1.193017925461957,0.5976067913009724,0.10713078742818521,0.16178962724907697,0.20626322051167978,1,1
frozenset({'PACK OF 72 RETROSPOT CAKE CASES'}),frozenset({'JUMBO BAG RED RETROSPOT'}),0.0714245825654772,0.11420115038811637,0.01809348299547663,0.253322908522283,2.218216783818348,1.0,0.009936713500508133,1.1863211818362294,0.5914300807503036,0.108,0.15705795756578755,0.20587905817312194,1,1
frozenset({'RECIPE BOX PANTRY YELLOW DESIGN'}),frozenset({'WHITE HANGING HEART T-LIGHT HOLDER'}),0.06014407773496398,0.12174010163623164,0.016027251912659853,0.26648096564531104,2.188933326518617,1.0,0.008705305776387923,1.1973239373895932,0.5779146248299765,0.09663299663299664,0.1648041363140195,0.19906617089605,1,1
frozenset({'JUMBO STORAGE BAG SUKI'}),frozenset({'WHITE HANGING HEART T-LIGHT HOLDER'}),0.06578433015022059,0.12174010163623164,0.016920757245769812,0.2572156196943973,2.112825734801639,1.0,0.008912166207210541,1.1823887545971647,0.5637886581413237,0.09918166939443536,0.15425447331770667,0.19810322269123537,1,1
